ingredient,calories_kcal,protein_g,fat_g,carbs_g,fiber_g,sugar_g,calcium_mg,iron_mg,sodium_mg,potassium_mg,vitamin_c_mg,cholesterol_mg
Abalone,14.7,1.84,0.38,0.85,0.0,0.0,3.4,0.35,44.6,26.7,0.19,8.95
Abiyuch,6.9,0.15,0.01,1.76,0.53,0.86,0.8,0.16,2.0,30.4,5.41,0.0
Acerola,3.2,0.04,0.03,0.77,0.11,0.0,1.2,0.02,0.7,14.6,167.76,0.0
Acerola Juice,2.3,0.04,0.03,0.48,0.03,0.45,1.0,0.05,0.3,9.7,160.0,0.0
Acorn Flour,50.1,0.75,3.02,5.46,0.0,0.0,4.3,0.12,0.0,71.2,0.0,0.0
Acorns,44.8,0.71,2.76,4.72,0.0,0.0,4.75,0.09,0.0,62.4,0.0,0.0
Agave,18.13,0.11,0.04,4.34,1.09,2.47,54.9,0.3,1.37,31.77,0.15,0.0
Agutuk,36.03,1.14,3.13,0.83,0.02,0.0,0.8,0.17,4.67,16.8,0.17,4.17
Alcoholic Beverage,13.22,0.02,0.04,0.68,0.0,0.34,0.28,0.01,1.88,2.1,0.05,0.09
Alfalfa Seeds,2.3,0.4,0.07,0.21,0.19,0.02,3.2,0.1,0.6,7.9,0.82,0.0
Allspice,26.3,0.61,0.87,7.21,2.16,0.0,66.1,0.71,7.7,104.4,3.92,0.0
Almond Butter,63.3,1.51,5.91,2.12,0.37,0.25,27.0,0.37,23.05,75.8,0.07,0.0
Almonds,59.72,2.11,5.28,2.03,1.14,0.4,26.55,0.38,13.97,68.95,0.01,0.0
Amaranth,37.1,1.36,0.7,6.52,0.67,0.17,15.9,0.76,0.4,50.8,0.42,0.0
Amaranth Grain,10.2,0.38,0.16,1.87,0.21,0.0,4.7,0.21,0.6,13.5,0.0,0.0
Amaranth Leaves,2.17,0.22,0.02,0.41,0.0,0.0,21.1,0.23,9.93,63.1,4.18,0.0
Anchovy,17.05,2.46,0.73,0.0,0.0,0.0,18.95,0.39,188.6,46.35,0.0,7.25
Animal Fat,89.6,0.0,9.95,0.0,0.0,0.0,0.0,0.0,15.0,0.0,0.0,9.5
Apple Cider-Flavored Drk,19.8,0.0,0.0,4.96,0.01,4.05,23.8,0.0,5.45,0.35,19.4,0.0
Apple Juc,8.63,0.02,0.02,2.13,0.02,1.8,1.13,0.04,1.2,22.5,2.6,0.0
Apples,9.55,0.04,0.03,2.52,0.34,1.73,0.62,0.05,2.24,16.14,0.14,0.0
Applesauce,5.7,0.02,0.01,1.5,0.12,0.84,0.38,0.02,0.85,7.1,0.64,0.0
Apricot Nectar,5.6,0.04,0.01,1.44,0.06,0.69,0.7,0.04,0.3,11.4,2.75,0.0
Apricots,9.91,0.13,0.02,2.55,0.21,0.94,1.76,0.12,0.6,40.09,0.42,0.0
Archway Home Style Cookies,41.97,0.57,1.54,6.7,0.22,2.9,2.62,0.23,37.42,15.98,0.0,0.98
Arrowhead,8.5,0.48,0.02,1.75,0.0,0.0,0.8,0.17,9.8,89.47,0.06,0.0
Arrowroot,6.5,0.42,0.02,1.34,0.13,0.0,0.6,0.22,2.6,45.4,0.19,0.0
Artichokes,4.68,0.3,0.04,1.01,0.6,0.08,2.45,0.07,10.05,28.63,0.7,0.0
Artificial Blueberry Muffin Mix,40.7,0.47,0.87,7.74,0.0,0.0,0.0,0.0,76.0,0.0,0.0,0.0
Arugula,2.5,0.26,0.07,0.36,0.16,0.2,16.0,0.15,2.7,36.9,1.5,0.0
Asparagus,1.92,0.24,0.03,0.3,0.16,0.08,1.97,0.1,12.27,19.59,1.7,0.0
Avocados,14.9,0.21,1.34,0.83,0.64,0.11,1.17,0.04,0.57,44.77,1.21,0.0
Babyfood,9.83,0.32,0.2,1.73,0.13,0.54,7.29,0.4,5.72,15.1,1.33,0.72
Bacon,31.0,1.07,2.95,0.63,0.26,0.0,2.3,0.24,146.5,17.0,0.0,0.0
Bacon Bits,47.6,3.2,2.59,2.86,1.02,0.0,10.1,0.07,177.0,14.5,0.19,0.0
Bagel,25.7,1.0,0.16,5.05,0.22,0.51,8.9,0.6,44.8,7.5,0.1,0.0
Bagels,27.66,1.05,0.17,5.48,0.25,0.25,3.41,0.32,47.02,11.02,0.03,0.3
Baked Bns,10.5,0.48,0.04,2.05,0.55,0.78,5.0,0.03,0.1,29.6,0.31,0.0
Baking Choc,48.36,0.76,3.3,5.51,0.96,3.72,6.78,0.56,2.18,47.86,0.01,0.36
Balsam-Pear (Bitter Gourd),2.52,0.25,0.03,0.47,0.18,0.1,3.42,0.09,8.77,45.77,5.82,0.0
Bamboo Shoots,1.72,0.18,0.03,0.3,0.14,0.12,1.12,0.03,6.38,41.98,0.13,0.0
Bananas,21.75,0.25,0.11,5.56,0.62,2.98,1.35,0.07,0.2,92.45,0.78,0.0
Banquet Chick Pot Pie,19.2,0.56,1.08,1.8,0.17,0.28,1.5,0.05,42.5,0.0,0.0,1.5
Banquet Gry & Salury Stk W/ Mshd Pot & Corn In Seasonsau,12.6,0.56,0.71,0.99,0.15,0.09,2.1,0.05,38.5,0.0,0.0,1.1
Banquet Hearty One Stk Din,13.8,0.51,0.87,0.99,0.21,0.13,1.8,0.07,50.5,0.0,0.0,1.4
Banquet Orig Fried Chk Thigh,17.0,0.96,0.87,1.34,0.18,0.03,5.9,0.07,26.5,0.0,0.12,3.0
Banquet Slced Bf W/Gry,8.8,0.88,0.3,0.65,0.16,0.14,1.7,0.1,31.6,0.0,0.26,1.9
Banquet Tky & Gry W/Dress,9.9,0.59,0.35,1.09,0.31,0.19,2.2,0.07,40.1,0.0,0.28,1.4
Barbecue Loaf,17.3,1.58,0.89,0.64,0.0,0.0,5.5,0.12,133.4,32.9,0.0,3.7
Barley,27.63,0.82,0.13,5.98,1.22,0.06,2.43,0.25,0.8,27.5,0.0,0.0
Basil,2.3,0.32,0.06,0.26,0.16,0.03,17.7,0.32,0.4,29.5,1.8,0.0
Bass,12.02,2.09,0.34,0.0,0.0,0.0,5.42,0.13,7.92,34.9,0.1,8.45
Beans,12.96,0.81,0.07,2.38,0.72,0.08,5.89,0.25,13.85,46.9,0.43,0.05
Bear,14.25,2.28,0.57,0.0,0.0,0.0,0.85,0.66,0.0,2.0,0.1,0.0
Beechnuts,57.6,0.62,5.0,3.35,0.0,0.0,0.1,0.25,3.8,101.7,1.55,0.0
Beef,22.52,2.48,1.32,0.01,0.0,0.0,1.43,0.25,9.45,30.7,0.08,9.73
Beef Broth&Tomato Juc,3.7,0.06,0.01,0.85,0.01,0.0,1.1,0.06,13.1,9.6,0.09,0.0
Beef Jerky,41.0,3.32,2.56,1.1,0.18,0.9,2.0,0.54,221.3,59.7,0.0,4.8
Beef Pot Pie,22.0,0.72,1.14,2.2,0.08,0.0,1.4,0.12,36.5,11.5,0.03,2.1
Beef Sausage,36.85,1.69,3.28,0.02,0.0,0.0,1.3,0.16,78.1,24.6,0.03,8.25
Beef Stew,9.5,0.49,0.54,0.68,0.15,0.1,1.2,0.07,40.8,17.4,0.44,1.6
Beerwurst,25.75,1.41,2.07,0.29,0.04,0.0,1.75,0.12,98.6,24.85,0.03,6.05
Beet Greens,2.2,0.22,0.01,0.43,0.37,0.05,11.7,0.26,22.6,76.2,3.0,0.0
Beet Grns,2.7,0.26,0.02,0.55,0.29,0.06,11.4,0.19,35.9,90.9,2.49,0.0
Beets,4.47,0.11,0.01,1.06,0.2,0.5,1.45,0.08,15.3,21.2,0.33,0.0
Betty Crocker,39.5,1.1,1.04,6.43,0.0,0.0,0.0,0.0,203.0,0.0,0.0,0.9
Beverage,34.8,2.64,0.3,5.34,0.13,5.2,55.5,0.76,62.73,161.73,7.2,2.33
Bf,17.71,2.49,0.79,0.0,0.0,0.0,0.64,0.25,6.04,35.06,0.0,7.42
Biscuit,32.2,0.67,1.36,4.33,0.07,0.74,5.1,0.25,99.9,16.2,0.0,0.1
Biscuits,33.16,0.71,1.13,5.02,0.14,0.51,9.44,0.28,103.9,20.91,0.01,0.14
Bison,16.25,2.28,0.79,0.0,0.0,0.0,1.25,0.3,7.3,34.05,0.0,6.3
Blackberries,6.28,0.12,0.05,1.46,0.42,0.97,2.1,0.06,0.28,11.9,0.79,0.0
Blackberry Juc,3.8,0.03,0.06,0.78,0.01,0.77,1.2,0.05,0.1,13.5,1.13,0.0
Blueberries,6.98,0.06,0.03,1.76,0.26,1.13,1.06,0.07,0.21,5.27,0.41,0.0
Bluefish,14.15,2.29,0.48,0.0,0.0,0.0,0.8,0.06,6.85,42.45,0.0,6.75
Bologna,27.58,1.19,2.33,0.42,0.0,0.06,6.46,0.1,107.12,21.22,0.82,6.35
Borage,2.37,0.2,0.08,0.34,0.0,0.0,9.9,0.35,16.4,48.4,3.33,0.0
Boysenberries,6.9,0.1,0.02,1.72,0.4,0.34,2.25,0.06,0.2,11.45,0.46,0.0
Bratwurst,25.45,1.66,1.98,0.14,0.0,0.0,1.95,0.07,45.9,27.95,0.1,7.25
Braunschweiger (A Liver Sausage),32.7,1.45,2.85,0.31,0.0,0.0,0.9,1.12,116.0,19.9,0.0,18.0
Brazilnuts,65.6,1.43,6.64,1.23,0.75,0.23,16.0,0.24,0.3,65.9,0.07,0.0
Bread,27.22,0.93,0.43,5.01,0.47,0.36,8.27,0.3,51.66,18.47,0.01,0.51
Bread Crumbs,38.9,1.37,0.54,7.02,0.47,0.6,18.25,0.49,124.55,21.35,0.14,0.05
Bread Sticks,41.2,1.2,0.95,6.84,0.3,0.13,2.2,0.43,65.7,12.4,0.0,0.0
Bread Stuffing,28.28,0.68,0.62,4.91,0.58,0.48,5.82,0.23,96.78,14.65,0.11,0.02
Breadfruit,10.3,0.11,0.02,2.71,0.49,1.1,1.7,0.05,0.2,49.0,2.9,0.0
Breadfruit Seeds,18.87,0.63,0.35,3.38,0.53,0.0,6.1,0.17,2.53,96.6,0.68,0.0
Breadnuttree Seeds,29.2,0.73,0.13,6.28,0.74,0.0,9.6,0.33,4.2,159.7,3.7,0.0
Breakfast Bar,37.7,0.44,0.75,7.29,0.21,3.51,4.1,0.49,16.7,19.7,0.0,0.0
Breakfast Bars,46.4,0.98,1.76,6.67,0.31,2.75,6.0,0.32,27.8,32.6,0.1,0.0
Breakfast Burrito,21.4,0.97,0.7,2.81,0.14,0.0,0.0,0.32,40.9,0.0,0.0,19.4
Breakfast Items,31.2,1.11,2.08,2.1,0.02,0.09,5.1,0.19,67.2,14.9,0.0,16.1
Breakfast Tart,37.2,0.4,0.6,7.68,0.15,0.49,4.4,0.34,25.2,6.6,0.38,0.0
Breakfast Type Drk,0.4,0.0,0.0,0.09,0.0,0.0,1.1,0.0,0.5,3.3,2.51,0.0
Broadbeans,6.53,0.51,0.05,1.06,0.26,0.0,1.93,0.16,12.27,21.2,2.42,0.0
Broadbeans (Fava Beans),34.1,2.61,0.15,5.83,2.5,0.57,10.3,0.67,1.3,106.2,0.14,0.0
Broadbeans (Fava Bns),9.7,0.69,0.03,1.72,0.48,0.12,3.27,0.13,23.3,25.93,0.08,0.0
Broccoli,2.9,0.28,0.03,0.55,0.23,0.11,4.89,0.07,7.85,24.95,6.25,0.0
Broccoli Raab,2.75,0.35,0.05,0.3,0.28,0.05,11.3,0.17,4.45,26.95,2.86,0.0
Brotwurst,32.3,1.43,2.78,0.29,0.0,0.3,4.8,0.1,111.2,28.1,0.0,6.3
Brussels Sprouts,4.0,0.33,0.04,0.79,0.35,0.16,3.2,0.09,5.72,32.88,6.24,0.0
Buckwheat Flr,33.5,1.26,0.31,7.06,1.0,0.26,4.1,0.41,1.1,57.7,0.0,0.0
Buckwheat Groats,21.9,0.76,0.17,4.74,0.65,0.04,1.2,0.16,0.75,20.4,0.0,0.0
Buffalo,14.6,3.25,0.18,0.0,0.0,0.0,0.4,0.38,4.1,37.6,0.0,8.2
Bulgur,21.25,0.77,0.08,4.72,1.14,0.03,2.25,0.17,1.1,23.9,0.0,0.0
Burbot,10.25,2.2,0.09,0.0,0.0,0.0,5.7,0.1,11.05,46.1,0.0,6.85
Burdock Root,8.27,0.19,0.01,1.99,0.23,0.33,4.63,0.08,8.3,34.27,0.27,0.0
Burger King,28.66,1.06,1.64,2.4,0.16,0.4,7.46,0.23,50.45,21.27,0.03,4.27
Burrito,25.2,0.79,0.87,3.56,0.79,0.19,4.58,0.31,57.38,24.55,0.02,0.5
Butcher Boy Meats,23.9,1.34,1.82,0.47,0.02,0.25,14.8,0.18,116.2,18.9,0.08,10.4
Butter,63.18,0.18,7.07,0.0,0.0,0.0,3.36,0.05,38.0,4.32,0.0,17.22
Butter Oil,87.6,0.03,9.95,0.0,0.0,0.0,0.4,0.0,0.2,0.5,0.0,25.6
Butter Replcmnt,37.3,0.2,0.1,8.9,0.0,0.53,2.3,0.2,120.0,0.2,0.0,0.2
Butter-Margarine Blend,71.8,0.09,8.07,0.06,0.0,0.0,2.8,0.01,2.8,3.7,0.01,8.8
Butterbur,0.82,0.02,0.01,0.21,0.0,0.0,6.38,0.02,6.38,34.38,2.03,0.0
Butterfish,16.65,1.97,0.91,0.0,0.0,0.0,2.5,0.06,10.15,42.8,0.0,7.4
Butternuts,61.2,2.49,5.7,1.2,0.47,0.0,5.3,0.4,0.1,42.1,0.32,0.0
Cabbage,2.17,0.14,0.01,0.47,0.2,0.14,5.15,0.05,12.82,26.44,2.66,0.0
Cake,36.65,0.46,1.05,6.51,0.12,2.18,9.26,0.16,47.37,13.91,0.05,2.72
Campbel,8.2,0.2,0.37,1.02,0.16,0.61,4.1,0.02,36.3,0.0,0.0,1.0
Campbel Company,8.5,0.15,0.27,1.38,0.23,0.92,1.5,0.03,40.8,35.4,0.0,0.0
Campbell,7.88,0.28,0.23,1.18,0.17,0.26,1.16,0.03,48.7,6.69,0.07,0.46
Campbell Company,6.05,0.22,0.16,0.87,0.08,0.12,1.2,0.02,62.48,0.0,0.0,0.6
Campbell Soup,8.1,0.22,0.23,1.27,0.21,0.68,2.32,0.05,47.76,21.56,0.15,0.32
Campbell Soup Co,18.8,0.0,0.0,5.63,1.88,1.88,0.0,0.68,806.8,0.0,4.5,0.0
Campbell Soup Co.,12.3,0.38,0.19,2.31,0.62,1.0,3.1,0.11,36.2,0.0,0.0,0.2
Campbell Soup Comp,5.2,0.24,0.14,0.77,0.16,0.38,1.3,0.02,37.03,9.73,0.08,0.4
Campbell Soup Company,4.37,0.14,0.09,0.74,0.09,0.38,1.16,0.02,37.63,6.18,0.88,0.24
Campbell Soups,5.3,0.33,0.1,0.82,0.12,0.16,1.6,0.03,19.6,24.9,0.24,0.6
Campbell Supper Bakes Meal Kits,21.0,0.43,0.11,4.57,0.21,0.32,0.0,0.0,83.0,0.0,0.0,0.5
Campbell'S Chnky,4.5,0.29,0.12,0.61,0.04,0.08,0.8,0.03,19.6,28.6,0.1,0.8
Campbell'S Chnky Soups,7.8,0.61,0.1,1.1,0.33,0.37,2.4,0.07,35.9,0.0,0.1,0.6
Campbell'S Chunky Microwavable Bwls,7.8,0.33,0.37,0.74,0.12,0.08,0.8,0.0,36.3,0.0,0.0,1.0
Campbell'S Chunky Soups,6.25,0.35,0.17,0.83,0.15,0.19,1.09,0.04,34.56,0.0,0.02,0.58
Campbell'S Red & White,7.05,0.28,0.18,1.08,0.14,0.21,0.84,0.04,58.78,2.12,0.01,0.53
Campbell'S Red & White - Mcrwveable Bowls,4.7,0.14,0.14,0.71,0.08,0.33,0.8,0.02,33.05,0.0,0.12,0.4
Campbell'S Red & White - Microwaveable Bowls,3.6,0.14,0.02,0.72,0.09,0.29,0.53,0.02,33.6,0.0,0.08,0.2
Campbell'S Red&White,5.6,0.16,0.16,0.81,0.16,0.08,1.6,0.0,56.5,0.0,0.0,0.4
Campbell'S Sel Gold Label Soups,4.27,0.11,0.09,0.75,0.12,0.27,1.33,0.02,32.93,0.0,0.05,0.27
Campbell'S Sel Mcrwvable Bowls,4.32,0.29,0.07,0.62,0.09,0.11,1.6,0.01,36.82,0.0,0.0,0.52
Campbell'S Sel Mcrwvable Bwls,5.3,0.29,0.25,0.61,0.08,0.2,1.6,0.04,35.5,0.0,0.0,0.6
Campbell'S Sel Microwaveable Bowls,3.9,0.16,0.02,0.78,0.16,0.2,1.6,0.04,36.7,0.0,0.0,0.2
Campbell'S Sel Soup,5.26,0.3,0.11,0.78,0.11,0.12,1.27,0.03,33.84,0.0,0.01,0.42
Campbell'S Soup At Hand,3.86,0.11,0.15,0.54,0.12,0.17,0.61,0.01,29.51,0.0,0.21,0.22
Candies,46.94,0.55,2.12,6.71,0.29,5.27,11.15,0.13,11.52,19.97,0.53,0.89
Capers,2.3,0.24,0.09,0.49,0.32,0.04,4.0,0.17,296.4,4.0,0.43,0.0
Carambola,3.1,0.1,0.03,0.67,0.28,0.4,0.3,0.01,0.2,13.3,3.44,0.0
Carb Bev,0.1,0.01,0.0,0.01,0.0,0.0,0.35,0.01,0.7,0.5,0.0,0.0
Carbonated Bev,2.92,0.0,0.0,0.75,0.0,0.56,0.32,0.01,1.41,0.46,0.0,0.0
Cardoon,1.97,0.07,0.01,0.47,0.17,0.0,7.13,0.07,25.27,39.47,0.18,0.0
Caribou,30.6,2.58,2.21,0.1,0.0,0.0,0.89,0.77,19.89,26.29,0.0,5.51
Carissa,6.2,0.05,0.13,1.36,0.0,0.0,1.1,0.13,0.3,26.0,3.8,0.0
Carl Buddig,15.38,1.85,0.84,0.1,0.0,0.0,4.62,0.2,124.08,32.26,0.0,5.94
Carl Buddig. Ckd Smoked Bf Pastrami,14.1,1.96,0.65,0.1,0.0,0.0,1.7,0.25,105.6,36.5,0.0,6.5
Carob-Flavor Bev Mix,22.35,0.25,0.17,5.1,0.42,0.0,6.5,0.24,7.45,11.75,0.0,0.5
Carp,14.45,2.03,0.64,0.0,0.0,0.0,4.65,0.14,5.6,38.0,0.16,7.5
Carrot,34.1,0.81,0.15,7.96,2.36,3.88,21.2,0.39,27.5,254.0,1.46,0.0
Carrot Juice,4.0,0.1,0.02,0.93,0.08,0.39,2.4,0.05,2.9,29.2,0.85,0.0
Carrots,3.2,0.07,0.03,0.72,0.26,0.36,3.12,0.05,13.52,21.23,0.29,0.0
Cashew Butter,58.7,1.76,4.94,2.76,0.2,0.25,4.3,0.5,31.45,54.6,0.0,0.0
Cashew Nuts,57.72,1.61,4.71,3.14,0.31,0.5,4.4,0.6,24.42,59.85,0.02,0.0
Cassava,16.0,0.14,0.03,3.81,0.18,0.17,1.6,0.03,1.4,27.1,2.06,0.0
Catfish,14.32,1.74,0.69,0.16,0.01,0.0,1.74,0.07,10.12,34.74,0.06,6.44
Catsup,9.7,0.17,0.03,2.51,0.03,2.28,1.8,0.05,2.0,38.2,1.51,0.0
Cattail,2.5,0.12,0.0,0.51,0.45,0.02,5.4,0.09,10.9,30.9,0.07,0.0
Cauliflower,2.51,0.22,0.03,0.49,0.27,0.15,2.3,0.05,9.87,21.27,5.33,0.0
Caviar,25.2,2.46,1.79,0.4,0.0,0.0,27.5,1.19,150.0,18.1,0.0,58.8
Celeriac,3.2,0.11,0.02,0.7,0.1,0.05,3.17,0.05,15.27,21.53,0.51,0.0
Celery,1.73,0.08,0.02,0.37,0.16,0.22,4.13,0.03,16.6,27.6,0.51,0.0
Celery Flakes,31.9,1.13,0.21,6.37,2.78,3.59,58.7,0.78,143.5,438.8,8.65,0.0
Celtuce,1.8,0.08,0.03,0.36,0.17,0.0,3.9,0.06,1.1,33.0,1.95,0.0
Cereal Rte,38.8,0.71,0.35,8.6,0.73,0.91,2.8,0.12,1.2,23.8,0.0,0.0
Cereal Wafer Straws,43.87,0.57,1.15,7.8,0.05,3.92,1.3,0.05,4.97,8.33,0.0,0.33
Cereals,21.71,0.62,0.22,4.48,0.41,0.75,11.29,0.78,24.49,17.47,0.28,0.01
Cereals (Ready-to-Eat),37.73,0.83,0.42,8.12,0.7,2.6,15.0,1.72,47.23,29.35,1.99,0.01
Cereals Ready To Eat,38.85,0.47,0.2,8.8,0.18,4.3,22.0,1.47,59.05,9.9,3.62,0.0
Cerls,26.52,0.67,0.35,5.4,0.38,1.22,11.2,1.45,83.7,15.22,0.0,0.0
Chard,1.97,0.19,0.01,0.4,0.19,0.11,5.57,0.21,26.9,49.23,2.2,0.0
Chayote,2.17,0.07,0.04,0.47,0.24,0.06,1.43,0.03,8.0,15.7,0.79,0.0
Cheese,29.15,2.19,2.09,0.37,0.0,0.16,59.09,0.05,69.77,14.04,0.02,6.94
Cheese Fd,32.8,1.99,2.46,0.7,0.0,0.37,59.1,0.07,134.48,30.42,0.0,7.25
Cheese Food,13.7,2.24,0.13,0.88,0.0,0.82,55.2,0.09,123.9,33.6,0.0,0.6
Cheese Product,24.0,1.76,1.41,1.06,0.0,0.8,52.9,0.02,158.7,33.0,0.0,5.3
Cheese Puffs&Twists,43.2,0.85,1.21,7.24,1.07,0.73,35.7,0.13,128.5,28.6,2.14,0.1
Cheese Sau,19.7,1.03,1.49,0.55,0.01,0.0,31.1,0.03,49.3,14.2,0.06,3.8
Cheese Sprd,29.17,1.33,2.37,0.7,0.0,0.36,39.83,0.06,121.43,19.87,0.0,6.67
Cheese Sub,24.8,1.15,1.22,2.37,0.0,2.37,61.0,0.04,68.5,45.5,0.01,0.0
Cheesecake Prep From Mix,27.4,0.55,1.27,3.55,0.19,0.0,17.2,0.05,38.0,21.1,0.05,2.9
Cheesefurter,32.8,1.41,2.9,0.15,0.0,0.15,5.8,0.11,108.2,20.6,0.0,6.8
Chef Boyardee Beefaroni,9.2,0.33,0.27,1.36,0.05,0.19,1.1,0.07,37.3,0.0,0.0,0.3
Chef Boyardee Bf Ravioli In Tomato & Meat Sau,9.2,0.33,0.27,1.36,0.05,0.19,1.1,0.07,37.3,0.0,0.0,0.3
Chef Boyardee Mini Ravioli,9.2,0.33,0.32,1.24,0.1,0.19,1.2,0.1,37.1,0.0,0.0,0.3
Chef Boyardee Spaghetti & Meatballs In Tomato Sau,10.0,0.44,0.39,1.19,0.14,0.3,1.1,0.08,36.0,0.0,0.06,0.7
Cherimoya,7.4,0.16,0.06,1.77,0.23,0.0,0.8,0.03,0.4,26.9,1.15,0.0
Cherries,7.14,0.08,0.02,1.81,0.15,1.08,1.12,0.07,0.35,13.86,0.34,0.0
Chervil,23.7,2.32,0.39,4.91,1.13,0.0,134.6,3.2,8.3,474.0,5.0,0.0
Chestnuts,23.41,0.36,0.16,5.11,0.18,0.08,3.42,0.16,1.39,56.32,3.2,0.0
Chewing Gum,26.8,0.0,0.04,9.48,0.24,0.0,2.0,0.0,0.7,0.0,0.0,0.0
Chia Seeds,49.0,1.56,3.08,4.38,3.77,0.0,63.1,0.0,1.9,16.0,0.0,0.0
Chick,21.5,1.94,1.46,0.02,0.0,0.0,8.8,0.09,6.7,3.1,0.0,8.4
Chicken,21.84,2.38,1.24,0.14,0.01,0.0,1.57,0.19,13.88,21.5,0.13,11.29
Chicken Breast Tenders,26.93,1.56,1.54,1.65,0.08,0.03,1.7,0.11,45.13,21.9,0.03,4.33
Chicken Nuggets,28.6,1.46,1.89,1.42,0.22,0.0,2.65,0.11,49.05,25.7,0.0,3.95
Chicken Patty,28.95,1.46,1.98,1.32,0.08,0.0,1.95,0.09,52.5,25.45,0.0,4.4
Chicken Pot Pie,21.4,0.61,1.08,2.3,0.12,0.0,2.9,0.11,38.0,12.4,0.03,2.4
Chickpeas,16.4,0.89,0.26,2.74,0.76,0.48,4.9,0.29,24.3,29.1,0.13,0.0
Chickpeas (Garbanzo Bns,24.15,1.21,0.36,4.16,1.09,0.53,6.85,0.38,16.15,52.35,0.39,0.0
Chicory,1.7,0.09,0.01,0.4,0.31,0.0,1.9,0.02,0.2,21.1,0.28,0.0
Chicory Greens,2.3,0.17,0.03,0.47,0.4,0.07,10.0,0.09,4.5,42.0,2.4,0.0
Chicory Roots,7.3,0.14,0.02,1.75,0.0,0.0,4.1,0.08,5.0,29.0,0.5,0.0
Child Formula,22.33,0.76,1.04,2.48,0.0,2.4,20.7,0.4,11.6,27.77,1.84,0.23
Chili,11.8,0.75,0.71,0.61,0.0,0.0,3.0,0.2,38.9,18.5,0.18,2.1
Chili Con Carne W/Bns,12.1,0.71,0.53,1.14,0.39,0.0,3.8,0.26,42.4,27.4,0.14,1.3
Chili With Beans,11.2,0.57,0.55,1.19,0.44,0.12,4.7,0.34,52.2,36.5,0.17,1.7
Chiton,8.3,1.71,0.16,0.0,0.0,0.0,12.1,1.6,0.0,0.0,0.0,0.0
Chives,17.05,1.22,0.21,3.43,1.44,0.09,45.25,1.08,3.65,162.8,35.9,0.0
Choc-Flv Bev Mix For Milk,8.8,0.33,0.32,1.16,0.0,1.16,13.0,0.0,5.1,14.5,0.23,1.0
Chocolate Syrup,9.0,0.31,0.3,1.28,0.03,1.13,8.9,0.03,4.7,14.5,0.0,0.9
Chocolate-Flavor Bev Mix,8.5,0.32,0.32,1.19,0.04,1.21,9.5,0.03,5.8,17.2,0.01,0.9
Chocolate-Flavor Bev Mix For Milk,40.25,0.39,0.27,9.06,0.47,8.28,24.6,0.16,17.3,43.55,1.4,0.0
Chocolate-Flavored Drk,4.9,0.06,0.04,1.07,0.06,0.87,10.0,0.03,9.1,7.9,0.2,0.0
Chokecherries,15.9,0.3,0.13,3.38,1.85,1.18,5.0,0.05,0.35,34.4,0.31,0.0
Chorizo,45.5,2.41,3.83,0.19,0.0,0.0,0.8,0.16,123.5,39.8,0.0,8.8
Chrysanthemum,2.13,0.22,0.02,0.39,0.25,0.13,8.5,0.33,15.33,56.83,1.64,0.0
Chrysanthemum Leaves,2.4,0.34,0.06,0.3,0.3,0.0,11.7,0.23,11.8,56.7,0.14,0.0
Cinnamon,24.7,0.4,0.12,8.06,5.31,0.22,100.2,0.83,1.0,43.1,0.38,0.0
Cinnamon Swirl French Toast W/Sausage,26.6,0.84,1.49,2.45,0.15,0.0,0.0,0.16,32.2,0.0,0.0,6.3
Cisco,13.75,1.77,0.69,0.0,0.0,0.0,1.9,0.04,26.8,32.35,0.0,4.1
Citrus Fruit Juc Drk,10.4,0.08,0.01,2.58,0.02,1.84,1.7,0.25,0.35,25.25,6.12,0.0
Clam,11.48,1.57,0.32,0.47,0.0,0.0,6.12,1.68,17.18,40.9,1.36,4.64
Clam&Tomato Juc,4.8,0.06,0.02,1.1,0.04,0.33,0.8,0.02,36.2,8.9,0.5,0.0
Clementines,4.7,0.08,0.02,1.2,0.17,0.92,3.0,0.01,0.1,17.7,4.88,0.0
Cloudberries,5.1,0.24,0.08,0.86,0.0,0.0,1.8,0.07,0.0,0.0,15.8,0.0
Cloves,32.3,0.6,2.01,6.12,3.42,0.24,64.6,0.87,24.3,110.2,8.08,0.0
Cls,11.9,0.23,0.22,2.25,0.17,1.16,6.7,0.24,15.0,6.5,0.0,0.0
Cockles,7.9,1.35,0.07,0.47,0.0,0.0,3.0,1.62,0.0,0.0,0.0,0.0
Cocktail Mix,28.7,0.01,0.0,7.16,0.0,4.84,0.2,0.0,0.0,2.3,0.42,0.0
Cocoa,28.84,1.83,1.68,5.4,2.93,0.13,9.66,1.89,1.6,162.32,0.0,0.0
Cocoa Mix,28.83,0.79,0.58,5.44,0.3,4.22,34.26,0.22,54.69,91.8,0.0,0.16
Coconut Crm,33.0,0.36,3.47,0.66,0.22,0.0,1.1,0.23,0.4,32.5,0.28,0.0
Coconut Meat,52.71,0.43,4.42,3.5,0.63,1.34,1.9,0.25,9.97,43.23,0.12,0.0
Coconut Milk,20.97,0.2,2.2,0.46,0.07,0.11,1.27,0.19,1.33,23.83,0.16,0.0
Cod,12.82,2.78,0.1,0.0,0.0,0.0,3.78,0.07,125.65,59.38,0.21,6.48
Coffee,20.23,0.42,0.5,3.44,0.03,1.52,6.69,0.12,15.29,122.38,0.01,0.01
Coffee Sub,19.73,0.35,0.15,4.24,0.59,0.21,5.6,0.22,6.58,91.38,0.02,0.32
Coffee&Cocoa (Mocha) Pdr,25.7,0.9,1.32,7.14,0.48,3.5,6.0,0.31,50.0,185.6,0.0,0.0
Coffeecake,36.73,0.59,1.49,5.34,0.18,1.03,7.63,0.14,39.51,12.89,0.03,3.91
Coleslaw,7.8,0.13,0.26,1.24,0.15,0.0,4.5,0.06,2.3,18.1,3.27,0.8
Collards,3.12,0.26,0.04,0.6,0.31,0.04,17.43,0.1,11.2,19.27,2.74,0.0
Company,6.3,0.24,0.32,0.64,0.04,0.08,0.8,0.1,61.1,0.0,0.0,1.4
Conch,13.0,2.63,0.12,0.17,0.0,0.0,9.8,0.14,15.3,16.3,0.0,6.5
Continen Mill,41.8,0.56,1.03,7.56,0.17,4.0,8.2,0.25,59.0,0.0,0.0,0.0
Cookies,45.0,0.56,1.88,6.71,0.19,1.92,4.31,0.27,32.63,17.26,0.01,2.19
Coriander (Cilantro) Leaves,2.3,0.21,0.05,0.37,0.28,0.09,6.7,0.18,4.6,52.1,2.7,0.0
Coriander Leaf,27.9,2.19,0.48,5.21,1.04,0.73,124.6,4.25,21.1,446.6,56.67,0.0
Corn,12.48,0.37,0.15,2.72,0.31,0.3,0.49,0.08,10.12,24.23,0.47,0.0
Corn Bran,22.4,0.84,0.09,8.56,7.9,0.0,4.2,0.28,0.7,4.4,0.0,0.0
Corn Cakes,38.7,0.81,0.24,8.34,0.0,0.0,1.9,0.14,2.8,15.7,0.0,0.0
Corn Flr,36.52,0.78,0.36,7.71,0.58,0.04,5.05,0.36,0.43,28.28,0.0,0.0
Corn Pudd,13.1,0.43,0.51,1.7,0.14,0.7,4.0,0.05,28.1,17.6,0.37,7.4
Corn W/Red&Grn Peppers,7.5,0.23,0.06,1.82,0.0,0.0,0.5,0.08,34.7,15.3,0.88,0.0
Corn-Based,52.52,0.65,2.99,5.95,0.31,0.15,7.02,0.2,87.4,15.12,0.06,0.2
Corned Beef Loaf,15.3,2.29,0.61,0.0,0.0,0.0,1.1,0.2,95.3,10.1,0.0,4.7
Cornmeal,36.36,0.84,0.31,7.56,0.66,0.08,13.77,0.39,52.94,24.03,0.0,0.0
Cornnuts,44.0,0.9,1.47,7.17,0.78,0.02,2.03,0.17,71.97,29.17,0.53,0.07
Cornsalad,2.1,0.2,0.04,0.36,0.0,0.0,3.8,0.22,0.4,45.9,3.82,0.0
Cottonseed Flr,34.55,4.54,0.38,3.83,0.15,0.0,47.6,1.26,3.5,176.65,0.24,0.0
Cottonseed Krnls,50.6,3.26,3.63,2.19,0.55,0.0,10.0,0.54,2.5,135.0,0.9,0.0
Cottonseed Meal,36.7,4.91,0.48,3.84,0.0,0.0,50.4,1.34,3.7,186.9,0.25,0.0
Couscous,24.4,0.83,0.04,5.03,0.32,0.01,1.6,0.07,0.75,11.2,0.0,0.0
Cowpeas,10.64,0.78,0.07,1.9,0.34,0.1,5.06,0.27,12.44,42.19,1.05,0.05
Cowpeas (Blackeyes),11.38,0.59,0.05,2.19,0.55,0.31,7.57,0.17,8.33,40.97,0.27,0.0
Crab,10.18,1.87,0.17,0.16,0.0,0.06,6.19,0.1,53.52,27.65,0.43,7.21
Crabapples,7.6,0.04,0.03,2.0,0.0,0.0,1.8,0.04,0.1,19.4,0.8,0.0
Crackers,43.45,1.02,1.32,6.97,0.59,0.26,8.75,0.38,61.63,24.72,0.01,0.84
Cranberries,13.63,0.05,0.06,3.56,0.57,2.3,1.27,0.06,1.03,8.83,0.95,0.0
Cranberry,5.5,0.04,0.05,1.22,0.0,0.0,2.6,0.04,0.0,0.0,2.1,0.0
Cranberry Juc,4.6,0.04,0.01,1.22,0.01,1.21,0.8,0.02,0.2,7.7,0.93,0.0
Cranberry Juc Cocktail,8.02,0.0,0.0,2.03,0.01,1.72,0.7,0.01,0.32,2.5,3.27,0.0
Cranberry Sau,15.1,0.02,0.02,3.89,0.1,3.79,0.4,0.02,2.9,2.6,0.2,0.0
Cranberry-Apple Juc Drk,4.1,0.0,0.01,1.03,0.01,0.95,0.65,0.01,0.35,3.1,3.58,0.0
Cranberry-Apricot Juc Drk,6.4,0.02,0.0,1.62,0.01,0.0,0.9,0.02,0.2,6.1,0.0,0.0
Cranberry-Grape Juc Drk,5.6,0.02,0.01,1.4,0.01,0.0,0.8,0.0,0.3,2.4,3.2,0.0
Cranberry-Orange Relish,17.8,0.03,0.01,4.62,0.0,0.0,1.1,0.02,3.2,3.8,1.8,0.0
Crayfish,7.95,1.63,0.11,0.0,0.0,0.0,4.08,0.08,7.78,27.42,0.08,12.28
Cream,20.08,0.26,1.93,0.53,0.0,0.21,9.32,0.01,6.85,13.09,0.07,6.54
Cream Puffs,31.0,0.78,2.07,2.28,0.06,0.5,5.1,0.16,44.9,10.6,0.02,16.5
Cream Sub,25.33,0.09,1.24,3.6,0.04,3.08,0.52,0.03,12.05,27.45,0.0,0.0
Cream Substitute,54.5,0.48,3.55,5.49,0.0,5.49,2.2,0.12,18.1,81.2,0.0,0.0
Creamy Drsng,15.0,0.12,1.1,1.15,0.0,0.45,2.1,0.02,97.75,4.25,0.02,0.0
Cress,2.6,0.21,0.06,0.44,0.08,0.35,6.77,0.1,8.87,43.73,3.83,0.0
Crisped Rice Bar,40.4,0.51,1.35,7.3,0.22,0.0,2.1,0.63,27.8,16.8,0.0,0.0
Crls,10.4,0.32,0.13,1.98,0.17,0.81,24.0,0.42,17.7,7.3,0.0,0.0
Crmy Drsg,10.7,0.14,0.27,2.0,0.0,0.53,3.6,0.02,100.0,13.3,0.0,0.0
Croaker,16.25,1.8,0.79,0.38,0.02,0.0,2.35,0.06,20.2,34.25,0.0,7.25
Croissants,35.8,0.83,1.69,4.33,0.26,0.75,4.0,0.18,52.43,11.33,0.03,5.17
Croutons,43.6,1.14,1.24,6.85,0.5,0.22,8.6,0.34,96.8,15.25,0.0,0.35
Cucumber,1.35,0.06,0.01,0.29,0.06,0.15,1.5,0.02,0.2,14.15,0.3,0.0
Currants,13.4,0.23,0.03,3.44,0.37,2.49,5.8,0.19,0.37,49.63,7.56,0.0
Cusk,9.95,2.17,0.08,0.0,0.0,0.0,1.15,0.09,3.55,44.75,0.0,4.7
Custard-Apple,10.1,0.17,0.06,2.52,0.24,0.0,3.0,0.07,0.4,38.2,1.92,0.0
Cuttlefish,11.85,2.44,0.1,0.12,0.0,0.0,13.5,0.84,55.8,49.55,0.69,16.8
Dairy Drk Mix,17.9,1.36,0.14,2.8,0.51,1.79,76.95,0.42,36.0,121.85,0.3,1.3
Dandelion Greens,4.5,0.27,0.07,0.92,0.35,0.07,18.7,0.31,7.6,39.7,3.5,0.0
Dandelion Grns,3.3,0.2,0.06,0.64,0.29,0.11,14.0,0.18,16.2,23.2,1.8,0.0
Danish Pastry,38.67,0.63,2.07,4.54,0.16,1.0,5.69,0.13,37.14,9.69,0.22,4.22
Dates,27.95,0.21,0.03,7.5,0.73,6.49,5.15,0.1,0.15,67.6,0.02,0.0
Deer (Venison),11.1,2.15,0.27,0.0,0.0,0.0,0.7,0.29,0.0,0.0,0.0,1.8
Dessert Topping,33.67,0.27,2.5,2.7,0.0,2.7,2.95,0.01,6.88,8.85,0.02,0.25
Desserts,22.86,0.27,0.42,4.75,0.14,1.4,54.88,0.17,337.28,17.76,0.03,3.92
Dill Weed,14.8,1.17,0.27,3.14,0.79,0.0,99.6,2.77,13.45,202.3,6.75,0.0
Dock,2.07,0.19,0.07,0.3,0.18,0.0,4.0,0.22,8.2,34.4,3.35,0.0
Dolphinfish,9.7,2.11,0.08,0.0,0.0,0.0,1.7,0.13,10.05,47.45,0.0,8.35
"Domino'S 14"" Cheese Pizza",28.2,1.18,1.18,3.21,0.19,0.33,16.8,0.2,51.2,16.67,0.0,1.6
"Domino'S 14"" Pepperoni Pizza",27.9,1.19,1.14,3.23,0.18,0.34,11.7,0.25,51.65,17.6,0.0,1.95
Doo Dads Snack Mix,45.6,1.03,1.85,6.43,0.68,0.0,7.4,0.25,127.1,27.7,0.01,0.1
Doughnuts,38.98,0.55,2.07,4.68,0.15,1.8,6.09,0.18,34.66,10.01,0.02,2.58
Dove,21.9,2.39,1.3,0.0,0.0,0.0,1.7,0.59,5.7,25.6,0.29,11.6
Drink Mix,37.6,0.0,0.06,9.47,0.0,8.51,2.0,0.02,33.3,11.55,0.02,0.0
Drum,13.6,2.0,0.56,0.0,0.0,0.0,6.85,0.1,8.55,31.4,0.1,7.3
Duck,19.71,2.14,1.17,0.03,0.0,0.0,0.91,0.51,7.68,14.02,0.29,12.47
Durian,14.7,0.15,0.53,2.71,0.38,0.0,0.6,0.04,0.2,43.6,1.97,0.0
Dutch Brand Loaf,27.3,1.2,2.29,0.39,0.03,0.09,0.7,0.02,105.5,21.0,0.14,6.0
Eclairs,26.2,0.64,1.57,2.42,0.06,0.66,6.3,0.12,33.7,11.7,0.03,12.7
Edamame,11.6,1.06,0.5,0.93,0.5,0.23,6.15,0.22,0.6,45.9,0.79,0.0
Eel,21.0,2.1,1.33,0.0,0.0,0.0,2.3,0.06,5.8,31.05,0.18,14.35
Egg,26.47,2.56,1.6,0.25,0.0,0.13,9.43,0.26,48.17,30.04,0.0,72.47
Egg Custards,21.4,0.5,0.44,3.92,0.0,0.0,17.2,0.09,15.27,32.83,0.07,11.97
Egg Mix,54.9,3.56,3.45,2.4,0.0,0.25,17.1,0.32,57.6,37.3,0.0,111.0
Egg Rolls,20.5,0.9,0.55,3.0,0.24,0.59,4.23,0.17,54.87,24.77,0.0,0.93
Egg Substitute,22.93,2.63,0.91,0.85,0.0,0.85,15.07,0.24,39.2,42.9,0.04,19.17
Eggnog-Flavor Mix,9.5,0.29,0.3,1.42,0.0,1.27,9.2,0.01,5.5,12.1,0.0,1.1
Eggplant,3.52,0.09,0.03,0.81,0.27,0.34,1.15,0.04,47.9,12.2,0.12,0.0
Eggs,13.3,1.31,0.56,0.75,0.0,0.75,1.7,0.02,16.2,14.7,0.0,6.5
Elderberries,7.3,0.07,0.05,1.84,0.7,0.0,3.8,0.16,0.6,28.0,3.6,0.0
Elk,9.7,2.01,0.18,0.0,0.0,0.0,0.4,0.72,4.9,32.8,0.0,0.0
Emu,13.3,2.61,0.24,0.0,0.0,0.0,0.53,0.52,9.77,32.17,0.0,8.32
Endive,1.7,0.12,0.02,0.34,0.31,0.02,5.2,0.08,2.2,31.4,0.65,0.0
Eng Drk,0.5,0.02,0.01,0.07,0.0,0.0,1.3,0.0,8.4,0.3,0.0,0.0
English,27.0,1.03,0.2,5.26,0.28,0.35,19.7,0.46,47.7,12.9,0.17,0.0
English Muffin,22.7,0.89,0.17,4.42,0.35,0.35,16.3,0.4,42.5,10.9,0.18,0.0
English Muffins,23.65,0.87,0.2,4.69,0.39,0.45,16.95,0.28,44.75,17.37,0.03,0.0
Engy Drk,4.5,0.02,0.01,1.09,0.0,1.01,1.3,0.0,8.4,0.3,0.0,0.0
Ensure Fiber W/ Fos,9.7,0.34,0.24,1.64,0.11,0.47,13.6,0.18,7.8,14.4,1.17,0.0
Ensure Plus,14.1,0.52,0.45,1.99,0.0,1.99,7.9,0.18,9.5,17.5,1.19,0.2
Entrees,24.9,1.67,1.48,1.27,0.05,0.0,17.75,0.2,67.55,29.5,0.02,8.55
Epazote,3.2,0.03,0.05,0.74,0.38,0.0,27.5,0.19,4.3,63.3,0.36,0.0
Eppaw,15.0,0.46,0.18,3.17,0.0,0.0,11.0,0.12,1.2,34.0,1.3,0.0
Falafel,33.3,1.33,1.78,3.18,0.0,0.0,5.4,0.34,29.4,58.5,0.16,0.0
Fast Fd,27.6,1.24,1.23,2.9,0.18,0.34,18.44,0.19,59.04,17.18,0.0,2.82
Fast Fds,24.4,1.43,1.45,1.4,0.12,0.41,7.3,0.31,43.5,19.0,0.04,4.3
Fast Foods,24.67,1.03,1.27,2.35,0.03,0.11,8.65,0.18,48.88,20.6,0.2,5.29
Fat,89.77,0.0,9.99,0.0,0.0,0.0,0.0,0.0,0.0,0.0,0.0,9.97
Feijoa,4.9,0.12,0.08,1.06,0.0,0.0,1.7,0.01,0.3,15.5,2.03,0.0
Fennel,3.1,0.12,0.02,0.73,0.31,0.0,4.9,0.07,5.2,41.4,1.2,0.0
Fiddlehead Ferns,3.4,0.44,0.04,0.56,0.0,0.0,2.8,0.1,0.05,24.95,2.22,0.0
Figs,10.67,0.1,0.03,2.76,0.33,1.95,5.36,0.06,0.27,22.96,0.17,0.0
Fireweed,7.35,0.39,0.18,1.28,0.83,0.0,22.1,0.22,4.2,37.25,5.06,0.0
Fish,18.01,2.37,0.89,0.1,0.0,0.0,4.47,0.16,12.19,23.32,0.01,3.9
Fish Oil,90.2,0.0,10.0,0.0,0.0,0.0,0.0,0.0,0.0,0.0,0.0,59.2
Fish Portions&Stks,24.9,1.1,1.32,2.12,0.14,0.25,2.6,0.1,42.1,21.6,0.0,3.2
Fish Sticks,29.0,2.3,1.8,0.9,0.61,0.08,9.5,0.2,49.0,60.0,0.0,0.0
Flan,18.8,0.2,0.16,4.3,0.0,0.0,8.27,0.01,21.9,15.87,0.05,0.63
Flatfish (Flounder&Sole Sp),10.4,2.15,0.14,0.0,0.0,0.0,1.8,0.03,9.3,35.25,0.08,5.8
Fluid Replcmnt,1.0,0.0,0.0,0.25,0.0,0.25,1.0,0.0,10.1,7.7,0.0,0.0
Form,34.3,2.24,0.9,5.25,1.05,2.27,149.5,1.8,33.3,0.0,17.62,0.4
Form Bar,37.04,1.58,1.15,5.32,0.52,3.05,86.68,0.74,34.36,0.0,11.0,0.22
Formulated,62.93,1.27,5.88,2.41,0.52,0.0,2.27,0.23,21.43,29.97,0.01,0.0
Formulated Bar,36.3,1.42,0.31,6.96,0.57,3.01,50.4,1.17,14.6,36.2,9.23,0.0
Frankfurter,20.96,1.37,1.48,0.47,0.05,0.02,6.96,0.16,84.43,20.91,0.3,5.21
Freezer Queen Gravy&Sliced Bf Meal,8.1,0.6,0.19,1.0,0.14,0.0,0.0,0.0,25.4,0.0,0.0,1.2
French Toast,22.1,0.76,0.84,2.86,0.06,0.0,10.35,0.19,48.7,13.4,0.03,9.9
Frijoles Rojos Volteados (Refried Bns,14.4,0.5,0.69,1.55,0.47,0.0,3.3,0.2,37.5,31.0,0.0,0.0
Frog Legs,7.3,1.64,0.03,0.0,0.0,0.0,1.8,0.15,5.8,28.5,0.0,5.0
Frosting,35.9,0.14,0.72,7.22,0.11,6.43,3.2,0.06,13.2,13.0,0.01,1.8
Frostings,38.66,0.09,1.04,7.45,0.08,2.54,0.79,0.05,13.88,9.63,0.0,0.21
Froz Novelties,2.1,0.0,0.0,0.51,0.0,0.15,0.0,0.07,1.0,1.1,1.04,0.0
Froz Novlt,22.6,0.64,1.01,2.75,0.08,0.85,22.2,0.03,10.4,30.5,0.0,1.0
Frozen Novelites,11.5,0.14,0.14,2.41,0.01,2.06,14.1,0.03,4.2,12.0,2.12,0.7
Frozen Novelt,31.7,0.44,2.02,3.09,0.06,0.0,25.2,0.07,9.2,23.8,0.07,0.1
Frozen Novelties,12.03,0.24,0.15,2.59,0.18,1.38,6.52,0.06,7.03,3.48,0.37,0.2
Frozen Novl,22.4,0.52,1.19,2.71,0.48,0.86,28.9,0.04,8.6,0.0,0.1,0.8
Frozen Yogurts,13.68,0.37,0.39,2.24,0.09,1.59,12.98,0.05,7.84,24.02,0.05,0.74
Fruit,13.77,0.14,0.03,3.57,0.36,0.0,1.53,0.11,0.83,33.7,4.93,0.0
Fruit Butters,17.3,0.04,0.03,4.25,0.15,3.53,1.4,0.03,1.5,9.1,0.06,0.0
Fruit Cocktail,5.87,0.04,0.01,1.54,0.11,0.96,0.66,0.03,0.51,9.23,0.22,0.0
Fruit Leather,36.5,0.06,0.28,8.43,0.0,5.34,2.5,0.09,36.0,22.9,8.8,0.0
Fruit Punch Drk,7.58,0.01,0.0,1.92,0.02,0.56,0.7,0.01,1.52,2.82,5.74,0.0
Fruit Punch Juc Drk,10.85,0.02,0.04,2.68,0.01,0.0,1.35,0.05,0.75,16.8,1.23,0.0
Fruit Punch-Flavor Drk,20.95,0.0,0.01,5.36,0.0,5.22,7.95,0.03,2.45,0.3,6.68,0.0
Fruit Salad,6.42,0.04,0.01,1.67,0.1,0.3,0.83,0.03,0.45,9.45,0.5,0.0
Fruit-Flavored Drk,22.2,0.03,0.01,8.89,0.12,0.0,92.35,0.01,20.9,150.8,148.0,0.0
Fruit-Flavored Drk Mix,22.6,0.0,0.0,9.13,0.0,0.0,110.5,0.0,272.7,0.1,109.09,0.0
Frybread,31.95,0.75,1.12,4.71,0.09,0.18,5.45,0.37,50.0,7.6,0.0,0.55
Frz Nvl,12.4,0.43,0.19,3.01,0.6,0.71,13.8,0.07,12.0,0.0,0.09,0.7
Fst Fd,26.4,1.19,0.95,3.26,0.17,0.4,17.7,0.21,53.5,15.4,0.0,2.1
Fst Foods,31.2,0.94,1.55,3.37,0.22,0.31,10.2,0.2,39.15,37.0,0.14,2.05
Ft Fds,22.6,1.13,1.24,1.73,0.15,0.4,4.6,0.3,34.2,18.8,0.09,3.3
Fungi,28.4,0.92,0.07,7.3,7.01,0.0,15.9,0.59,3.5,75.4,0.0,0.0
Game Meat,15.79,2.66,0.49,0.0,0.0,0.0,1.04,0.39,5.94,34.09,0.09,7.67
Game Meat Bison,19.7,2.34,1.08,0.0,0.0,0.0,0.8,0.3,5.95,34.7,0.0,7.8
Garlic,14.9,0.64,0.05,3.31,0.21,0.1,18.1,0.17,1.7,40.1,3.12,0.0
Gefiltefish,8.4,0.91,0.17,0.74,0.0,0.0,2.3,0.25,52.4,9.1,0.08,3.0
Gelatin Dssrt,24.74,2.06,0.0,4.95,0.0,1.42,0.34,0.01,69.3,28.99,7.9,0.0
Gelatins,33.5,8.56,0.01,0.0,0.0,0.0,5.5,0.11,19.6,1.6,0.0,0.0
General Mills,38.13,0.44,0.71,7.5,0.0,3.73,5.37,0.0,59.93,0.0,0.0,0.0
George Weston Baker,39.0,1.33,0.51,7.27,0.54,0.0,0.0,0.38,168.0,0.0,0.0,0.0
George Weston Bakeries,23.2,0.8,0.18,4.6,0.0,0.0,18.0,0.14,34.5,0.0,0.0,0.0
Ginger,34.7,0.91,0.6,7.08,1.25,0.34,11.6,1.15,3.2,134.3,0.7,0.0
Ginger Root,8.0,0.18,0.08,1.78,0.2,0.17,1.6,0.06,1.3,41.5,0.5,0.0
Ginkgo Nuts,21.37,0.57,0.18,4.4,0.31,0.0,0.87,0.1,10.9,56.27,1.78,0.0
Goat,10.9,2.06,0.23,0.0,0.0,0.0,1.3,0.28,8.2,38.5,0.0,5.7
Goose,24.16,2.18,1.59,0.13,0.0,0.0,1.9,0.83,8.92,33.5,0.32,17.32
Gooseberries,5.85,0.08,0.04,1.45,0.34,0.0,2.05,0.03,0.15,13.75,1.89,0.0
Gourd,2.87,0.07,0.02,0.71,0.0,0.0,1.87,0.03,8.72,25.58,0.84,0.0
Granola Bar,53.35,0.74,3.17,5.47,0.5,2.89,7.5,0.16,17.25,29.65,0.06,0.6
Granola Bars,45.24,0.83,1.95,6.56,0.43,0.71,7.25,0.26,27.63,30.7,0.01,0.15
Grape Drink,6.1,0.0,0.0,1.58,0.0,1.31,5.2,0.01,1.6,1.2,3.14,0.0
Grape Juc,6.0,0.04,0.01,1.48,0.02,1.42,1.1,0.02,0.5,10.4,1.26,0.0
Grape Juc Cocktail,11.5,0.04,0.02,2.86,0.02,2.84,0.85,0.02,0.45,4.75,5.35,0.0
Grape Juice Drink,5.7,0.0,0.0,1.46,0.01,1.41,0.7,0.01,0.9,3.3,2.65,0.0
Grape Leaves,8.1,0.49,0.2,1.45,0.55,0.32,32.6,0.28,143.1,15.05,1.12,0.0
Grapefruit,3.76,0.06,0.01,0.95,0.06,0.54,1.43,0.02,0.12,14.19,3.21,0.0
Grapefruit Juc,6.2,0.08,0.02,1.47,0.02,1.46,1.18,0.03,0.16,21.94,4.95,0.0
Grapefruit Juice,3.9,0.05,0.01,0.92,0.0,0.0,0.9,0.02,0.1,16.2,3.8,0.0
Grapes,6.3,0.06,0.02,1.63,0.08,1.51,1.1,0.06,0.38,14.8,0.42,0.0
Gravy,24.99,0.75,0.65,4.09,0.17,0.41,10.48,0.29,373.68,24.02,0.17,0.68
Green Giant,11.0,1.12,0.36,0.84,0.32,0.0,5.65,0.21,46.85,24.0,1.77,0.0
Groundcherries,5.3,0.19,0.07,1.12,0.0,0.0,0.9,0.1,0.0,0.0,1.1,0.0
Grouper,10.5,2.21,0.12,0.0,0.0,0.0,2.4,0.1,5.3,47.9,0.0,4.2
Gry,3.9,0.11,0.11,0.62,0.07,0.05,0.6,0.01,58.7,2.2,0.0,0.2
Guanabana Nectar,5.9,0.01,0.02,1.49,0.01,1.31,0.7,0.04,0.8,2.5,1.11,0.0
Guava Nectar,5.7,0.01,0.01,1.49,0.1,1.24,1.1,0.12,0.7,3.8,1.97,0.0
Guava Sauce,3.6,0.03,0.01,0.95,0.36,0.59,0.7,0.02,0.4,22.5,14.64,0.0
Guavas,6.85,0.16,0.08,1.58,0.54,0.45,1.95,0.02,1.95,35.45,13.26,0.0
Guinea Hen,13.4,2.2,0.45,0.0,0.0,0.0,1.1,0.08,6.8,20.65,0.15,6.85
Haddock,10.5,2.28,0.09,0.0,0.0,0.0,4.13,0.13,30.6,37.5,0.0,6.93
Halibut,16.88,2.01,0.92,0.0,0.0,0.0,2.85,0.09,7.65,40.95,0.0,4.45
Ham,19.04,1.69,1.22,0.22,0.03,0.0,1.08,0.09,126.08,37.0,0.12,5.6
Hazelnuts Or Filberts,63.75,1.44,6.18,1.73,1.02,0.42,13.6,0.38,0.0,70.65,0.29,0.0
Hc Chk Enchi Supma In Grn Chili Sau,11.0,0.38,0.25,1.82,0.15,0.07,1.8,0.03,17.9,0.0,0.0,1.1
Hc Contry Rstd Tky W/Cranberry Appl Sau,8.1,0.58,0.15,1.11,0.24,0.67,1.7,0.06,15.9,0.0,4.59,0.9
Hc Mesq Bf W/Bbq Sau,11.0,0.71,0.26,1.44,0.19,0.5,1.2,0.08,12.9,0.0,0.5,1.7
Hc Salbry Stk W/Mshrm Grvy,9.4,0.6,0.22,1.27,0.2,0.58,2.5,0.08,16.2,0.0,1.2,0.9
Hc Tradition Mt Lf W/Brn Sau,8.7,0.52,0.26,1.08,0.19,0.4,3.0,0.08,14.6,0.0,0.77,1.1
Headcheese,15.7,1.38,1.09,0.0,0.0,0.0,1.6,0.15,83.0,3.1,0.0,6.9
Healthy Choic Bf Macaroni,8.8,0.59,0.09,1.39,0.19,0.38,1.9,0.11,18.5,15.2,2.42,0.6
Healthy Choic Chick Teriyaki W/Rice Medley Broccoli,8.0,0.5,0.15,1.14,0.3,0.44,1.0,0.02,19.1,0.0,1.4,0.7
Healthy Choic Mesq Chk Bbq,9.3,0.57,0.15,1.42,0.22,0.48,1.0,0.05,15.0,0.0,0.3,1.1
Hearts Of Palm,2.8,0.25,0.06,0.46,0.24,0.0,5.8,0.31,42.6,17.7,0.79,0.0
Heinz,24.1,0.44,0.69,4.03,0.21,1.68,4.8,0.07,30.0,0.0,0.0,4.7
Herring,21.42,1.95,1.38,0.16,0.0,0.13,8.02,0.13,36.03,37.12,0.04,6.8
Hickorynuts,65.7,1.27,6.44,1.82,0.64,0.0,6.1,0.21,0.1,43.6,0.2,0.0
Hodgson Mill,37.6,1.41,0.47,6.92,0.76,0.0,11.4,0.26,61.1,0.0,0.0,0.8
Hominy,7.2,0.15,0.09,1.43,0.25,0.09,1.0,0.06,21.0,0.9,0.0,0.0
Honey Roll Sausage,18.2,1.86,1.05,0.22,0.0,0.0,0.9,0.22,132.2,29.1,0.0,5.0
Hormel,10.0,1.16,0.46,0.35,0.06,0.05,0.6,0.08,72.75,24.35,0.14,3.35
Hormel Always Tender,13.18,1.82,0.56,0.2,0.0,0.08,0.9,0.08,46.66,45.62,0.18,4.72
Hormel Chili,8.2,0.72,0.28,0.76,0.13,0.14,2.1,0.11,41.1,14.8,0.0,1.5
Hormel Chili W/Bns,9.7,0.67,0.18,1.36,0.34,0.19,2.8,0.13,47.1,26.8,0.02,1.0
Hormel Corned Bf Hash,16.4,0.87,1.02,0.93,0.11,0.03,1.9,0.1,42.5,17.2,0.09,3.2
Hormel Rst Bf Hash,16.3,0.9,1.0,0.97,0.15,0.02,1.8,0.1,33.6,18.3,0.08,3.1
Hormel Spam,19.1,1.52,1.39,0.14,0.0,0.13,3.9,0.14,103.2,46.1,3.85,7.5
Hormel Turkey Chili W/Bns,8.2,0.76,0.11,1.03,0.26,0.23,4.7,0.14,48.5,27.6,0.06,1.4
Hormel Vegetarian Chili W/Bns,8.3,0.48,0.03,1.54,0.4,0.25,3.9,0.14,31.5,32.5,0.05,0.0
Horseradish,4.8,0.12,0.07,1.13,0.33,0.8,5.6,0.04,31.4,24.6,2.49,0.0
Horseradish-Tree,4.58,0.34,0.05,0.94,0.31,0.04,7.44,0.12,12.36,41.26,7.94,0.0
Horseradish-Tree Leafy Tips,6.4,0.94,0.14,0.83,0.2,0.0,18.5,0.4,0.9,33.7,5.17,0.0
Hot Pockets,25.95,1.02,1.14,2.9,0.06,0.0,11.85,0.25,57.35,0.0,0.25,3.3
Hot Pockets Ham 'N Chs Stuffed Sndwch,26.6,1.16,1.11,3.0,0.0,0.0,19.6,0.2,52.0,0.0,0.0,3.9
Huckleberries,3.7,0.04,0.01,0.87,0.0,0.0,1.5,0.03,1.0,0.0,0.28,0.0
Hummus,17.15,0.64,0.91,1.72,0.5,0.01,4.35,0.2,31.05,20.05,0.4,0.0
Hush Puppies,33.7,0.77,1.35,4.6,0.28,0.2,27.8,0.3,66.8,14.4,0.02,4.5
Hyacinth Bns,19.27,1.34,0.09,3.41,0.0,0.0,7.0,0.48,9.03,63.63,0.0,0.0
Hyacinth-Beans,4.87,0.27,0.02,0.92,0.0,0.0,4.4,0.08,8.07,25.87,0.77,0.0
Ice Creams,17.58,0.41,0.74,2.47,0.13,1.48,13.7,0.04,7.6,10.53,0.1,2.95
Ice Crm Cones,40.95,0.8,0.53,8.15,0.24,1.58,3.45,0.4,23.15,12.85,0.0,0.0
Imitation Chs,39.0,2.5,3.2,0.1,0.0,0.1,70.5,0.07,67.0,5.5,0.0,1.5
Inf Fo,23.4,0.6,1.24,2.43,0.0,2.27,23.83,0.43,8.73,27.0,2.77,0.0
Inf For,16.35,0.4,0.86,1.75,0.0,1.71,15.8,0.28,5.65,18.26,2.1,0.22
Inf For Nutr,12.9,0.27,0.7,1.38,0.0,1.38,10.8,0.23,3.9,13.8,1.15,0.4
Inf Form,28.72,0.69,1.54,3.03,0.0,2.99,24.93,0.44,8.8,28.49,2.93,0.56
Inf Formmead John,6.5,0.14,0.35,0.72,0.0,0.72,5.1,0.12,1.8,7.1,0.79,0.1
Inf Formu,27.15,0.85,1.23,3.18,0.0,3.12,48.05,0.53,9.25,31.25,3.13,0.2
Inf Formula,25.32,0.62,1.27,2.84,0.0,2.57,24.32,0.45,8.57,27.98,2.7,0.5
Infa For,6.7,0.18,0.36,0.68,0.0,0.44,6.9,0.12,2.9,7.7,0.59,0.1
Infant Formula,20.16,0.48,1.09,2.15,0.0,2.12,18.66,0.27,7.01,21.95,2.4,0.29
Interstate Brands Corp,27.3,0.81,0.42,5.08,0.26,1.11,8.7,0.22,59.6,0.0,0.0,0.0
Jackfruit,9.3,0.09,0.02,2.4,0.12,0.0,3.9,0.04,0.7,19.95,0.36,0.0
Jams & Preserves,13.2,0.03,0.03,5.36,0.25,3.78,0.9,0.04,0.0,6.9,0.0,0.0
Jams&Preserves,24.2,0.07,0.02,6.44,0.03,4.34,2.0,0.05,4.0,7.7,0.88,0.0
Java-Plum,6.0,0.07,0.02,1.56,0.0,0.0,1.9,0.02,1.4,7.9,1.43,0.0
Jellies,17.9,0.03,0.0,4.61,0.08,4.53,0.5,0.02,0.2,7.1,0.0,0.0
Jellyfish,3.6,0.55,0.14,0.0,0.0,0.0,0.2,0.23,969.0,0.3,0.0,0.5
Jerusalem-Artichokes,7.3,0.2,0.0,1.74,0.16,0.96,1.4,0.34,0.4,42.9,0.4,0.0
Jew'S Ear,2.5,0.05,0.0,0.68,0.0,0.0,1.6,0.06,0.9,4.3,0.06,0.0
Jimmy Dean,40.1,0.99,2.94,2.41,0.15,0.0,7.9,0.16,91.8,0.0,0.0,3.3
Juice,5.1,0.02,0.01,1.27,0.0,1.04,4.15,0.01,0.6,9.25,3.94,0.0
Jujube,18.3,0.25,0.06,4.69,0.0,0.0,5.0,0.11,0.6,39.05,4.1,0.0
Jute,3.6,0.4,0.02,0.68,0.13,0.07,21.0,0.37,8.87,55.3,3.43,0.0
Kale,3.24,0.24,0.05,0.62,0.17,0.06,12.89,0.15,11.13,31.96,5.86,0.0
Kamut,24.15,1.06,0.16,5.04,0.46,0.41,1.2,0.22,0.3,22.3,0.0,0.0
Kanpyo,25.8,0.86,0.06,6.5,0.0,0.0,28.0,0.51,1.5,158.2,0.02,0.0
Keebler,47.0,0.62,1.81,7.08,0.0,2.69,0.0,0.0,37.15,0.0,0.0,0.0
Kellogg,33.61,0.51,0.66,6.58,0.14,2.81,2.66,0.38,41.34,10.77,0.04,0.16
Kellogg'S Pop-Tarts Pastry Swirls,41.0,0.48,1.77,5.96,0.12,2.1,4.27,0.17,29.0,0.0,0.0,0.03
Kentucky Fried Chick,26.56,2.02,1.59,1.04,0.07,0.07,3.03,0.09,67.77,25.71,0.06,8.6
Kid Cuisine Chk Nug,17.8,0.72,0.78,1.98,0.29,1.09,3.3,0.11,32.8,0.0,0.0,2.2
Kielbasa,26.75,1.27,2.24,0.34,0.0,0.08,0.85,0.1,105.2,15.0,0.74,6.8
Kiwi Fruit,6.1,0.11,0.05,1.47,0.3,0.9,3.4,0.03,0.3,31.2,9.27,0.0
Kiwifruit,6.1,0.1,0.04,1.49,0.34,0.0,2.6,0.04,0.5,33.2,7.5,0.0
Kohlrabi,2.83,0.18,0.01,0.65,0.19,0.27,2.47,0.04,9.93,34.33,5.67,0.0
Kraft,38.1,1.26,0.41,7.31,0.25,1.01,6.3,0.43,153.2,26.7,0.33,0.4
Kraft Foods,37.7,0.61,0.37,7.98,0.0,0.0,0.0,0.0,284.0,0.0,0.0,0.0
Kraft Macaroni & Cheese Dinner Original Flavor,37.0,1.62,0.37,6.79,0.21,1.0,13.2,0.37,80.2,42.3,0.05,1.4
Kumquats,7.1,0.19,0.09,1.59,0.65,0.94,6.2,0.09,1.0,18.6,4.39,0.0
Lamb,24.12,2.22,1.62,0.01,0.0,0.0,1.62,0.25,6.87,25.55,0.13,13.15
Lambs Quarters,3.2,0.32,0.07,0.5,0.21,0.06,25.8,0.07,26.5,28.8,3.7,0.0
Lambsquarters,4.25,0.39,0.05,0.67,0.44,0.02,32.05,0.11,2.08,77.0,3.05,0.0
Lasagna,13.45,0.67,0.57,1.4,0.18,0.34,13.05,0.09,31.8,17.6,0.91,1.35
Lasagna W/ Meat & Sau,11.4,0.75,0.35,1.32,0.12,0.11,10.5,0.09,23.05,15.4,1.97,1.1
Leavening Agents,12.27,0.67,0.1,3.09,0.46,0.0,252.33,0.77,658.21,417.51,0.01,0.0
Leeks,11.1,0.46,0.07,2.6,0.35,0.2,11.98,0.3,7.78,68.85,3.46,0.0
Lemon Grass (Citronella),9.9,0.18,0.05,2.53,0.0,0.0,6.5,0.82,0.6,72.3,0.26,0.0
Lemon Juc,2.15,0.04,0.03,0.65,0.04,0.24,0.95,0.01,1.1,9.55,2.82,0.0
Lemon Juice,2.5,0.04,0.0,0.86,0.04,0.24,0.7,0.0,0.1,12.4,4.6,0.0
Lemon Peel,4.7,0.15,0.03,1.6,1.06,0.42,13.4,0.08,0.6,16.0,12.9,0.0
Lemonade,15.04,0.05,0.01,3.79,0.01,1.99,42.72,0.1,0.41,3.86,5.96,0.0
Lemonade-Flavor Drk,20.75,0.01,0.0,5.06,0.0,5.06,4.6,0.01,7.6,0.2,1.78,0.0
Lemons,2.45,0.12,0.03,1.0,0.37,0.12,4.35,0.06,0.25,14.15,6.5,0.0
Lentils,17.66,1.36,0.08,3.19,0.82,0.08,2.69,0.45,7.43,45.16,0.73,0.0
Lettuce,1.5,0.12,0.02,0.27,0.13,0.11,3.1,0.09,1.52,20.14,1.04,0.0
Light Ice Crm,17.55,0.4,0.61,2.62,0.02,2.28,13.2,0.04,6.45,20.3,0.08,1.55
Lima Bns,13.64,0.84,0.04,2.55,0.75,0.21,3.39,0.27,11.14,55.39,0.69,0.0
Lime Juc,2.1,0.02,0.02,0.67,0.04,0.14,1.2,0.02,1.6,7.5,0.64,0.0
Lime Juice,2.5,0.04,0.01,0.84,0.04,0.17,1.4,0.01,0.2,11.7,3.0,0.0
Limeade,14.95,0.0,0.0,3.81,0.0,3.66,0.1,0.0,0.15,2.65,0.86,0.0
Limes,3.0,0.07,0.02,1.05,0.28,0.17,3.3,0.06,0.2,10.2,2.91,0.0
Ling,9.9,2.17,0.07,0.0,0.0,0.0,3.9,0.07,15.4,43.25,0.0,4.55
Lingcod,9.7,2.01,0.12,0.0,0.0,0.0,1.6,0.04,6.75,49.85,0.0,5.95
Lipton,41.8,1.55,1.18,6.24,0.0,0.0,12.7,0.3,177.0,0.0,0.0,11.2
Litchis,17.15,0.23,0.08,4.36,0.29,4.07,1.9,0.1,0.2,64.05,12.72,0.0
"Little Caesars 14"" Chs Pizza",28.6,1.44,1.36,2.65,0.14,0.32,32.3,0.15,44.35,16.85,0.0,3.1
"Little Caesars 14"" Original Rnd Chs Pizza",26.5,1.34,0.95,3.15,0.17,0.4,23.3,0.23,45.4,17.0,0.0,2.4
"Little Caesars 14"" Original Rnd Meat & Veg Pizza",24.3,1.21,1.14,2.31,0.21,0.37,16.7,0.21,57.8,19.5,0.0,3.1
"Little Caesars 14"" Original Rnd Pepperoni Pizza",27.3,1.36,1.05,3.1,0.17,0.38,21.0,0.23,51.8,17.8,0.0,2.8
"Little Caesars 14"" Pepperoni Pizza",26.5,1.29,1.08,2.9,0.15,0.34,20.1,0.23,49.2,17.3,0.0,2.6
Liver Cheese,30.4,1.52,2.56,0.21,0.0,0.0,0.8,1.08,122.5,22.6,0.3,17.4
Liver Sausage,32.6,1.41,2.85,0.22,0.0,0.0,2.6,0.64,86.0,17.0,0.0,15.8
Lobster,9.4,1.96,0.07,0.09,0.0,0.0,5.45,0.03,33.8,31.35,0.0,8.35
Loganberries,5.5,0.15,0.03,1.3,0.53,0.77,2.6,0.06,0.1,14.5,1.53,0.0
Loma Linda Big Franks,21.7,2.15,1.2,0.58,0.35,0.04,1.7,0.25,42.6,11.6,0.0,0.0
Loma Linda Dinner Cuts,10.4,1.95,0.11,0.42,0.24,0.04,1.0,0.14,49.6,3.9,0.0,0.1
Loma Linda Fried Chik'N W/ Gravy,18.1,1.32,1.19,0.52,0.28,0.06,1.1,0.16,44.7,5.8,0.0,0.1
Loma Linda Linketts,20.8,2.13,1.18,0.43,0.3,0.03,1.1,0.18,40.1,6.4,0.0,0.0
Loma Linda Little Links,22.1,1.94,1.35,0.55,0.42,0.08,1.9,0.33,47.2,5.6,0.0,0.1
Loma Linda Lofat Big Franks,15.4,2.31,0.47,0.49,0.41,0.03,1.7,0.23,48.1,10.0,0.0,0.0
Loma Linda Redi-Burger,14.9,2.19,0.32,0.82,0.43,0.12,1.7,0.2,50.8,17.0,0.0,0.0
Loma Linda Swiss Stake W/ Gravy,14.1,1.02,0.65,1.04,0.32,0.09,3.5,0.18,47.1,22.6,0.0,0.1
Loma Linda Tender Bits,13.5,1.51,0.46,0.83,0.43,0.06,1.7,0.16,61.3,6.5,0.0,0.0
Loma Linda Tender Rounds W/ Gravy,14.5,1.63,0.56,0.74,0.35,0.1,1.4,0.15,44.3,9.5,0.0,0.1
Loma Linda Vege-Burger,11.5,2.22,0.12,0.37,0.26,0.09,1.6,0.17,22.2,7.4,0.0,0.0
Longans,17.3,0.31,0.02,4.46,0.06,0.0,2.3,0.28,2.4,46.2,5.6,0.0
Loquats,4.7,0.04,0.02,1.21,0.17,0.0,1.6,0.03,0.1,26.6,0.1,0.0
Lotus Root,6.87,0.19,0.01,1.64,0.37,0.02,3.23,0.1,12.2,42.73,3.29,0.0
Lotus Seeds,21.05,0.98,0.12,4.09,0.0,0.0,10.35,0.22,0.3,86.75,0.0,0.0
Louis Rich,13.38,1.64,0.6,0.36,0.0,0.12,4.06,0.13,108.37,23.61,0.0,5.66
Luncheon Meat,27.37,1.41,2.25,0.28,0.0,0.02,1.01,0.12,119.09,33.81,1.18,6.44
Luncheon Sausage,26.0,1.54,2.09,0.16,0.0,0.0,1.3,0.14,118.2,24.5,0.0,6.4
Luncheon Slices,18.9,1.78,1.11,0.44,0.0,0.22,4.1,0.18,71.1,20.0,0.0,0.0
Lupins,20.2,2.24,0.52,1.98,0.19,0.0,9.27,0.23,8.63,50.1,0.23,0.0
Luxury Loaf,14.1,1.84,0.48,0.49,0.0,0.0,3.6,0.11,122.5,37.7,0.0,3.6
Macadamia Nuts,71.73,0.78,7.6,1.33,0.82,0.43,7.5,0.3,9.13,36.47,0.09,0.0
Macaroni,25.85,1.12,0.11,5.08,0.3,0.07,2.12,0.21,0.83,13.29,0.0,0.0
Macaroni And Cheese,8.2,0.34,0.25,1.15,0.05,0.05,3.5,0.09,42.1,8.4,0.0,0.6
Mace,47.5,0.67,3.24,5.05,2.02,0.0,25.2,1.39,8.0,46.3,2.1,0.0
Mackerel,18.23,2.19,0.98,0.0,0.0,0.0,4.81,0.15,56.84,43.49,0.12,6.96
Malabar Spinach,2.3,0.3,0.08,0.27,0.21,0.0,12.4,0.15,5.5,25.6,0.59,0.0
Malted Drk Mix,24.29,0.6,0.4,4.62,0.16,3.54,38.51,0.45,21.82,49.16,3.8,0.85
Mammy-Apple,5.1,0.05,0.05,1.25,0.3,0.0,1.1,0.07,1.5,4.7,1.4,0.0
Mango Nectar,5.1,0.01,0.01,1.31,0.03,1.24,1.7,0.04,0.5,2.4,1.52,0.0
Mangos,6.5,0.05,0.03,1.7,0.18,1.48,1.0,0.01,0.2,15.6,2.77,0.0
Mangosteen,7.3,0.04,0.06,1.79,0.18,0.0,1.2,0.03,0.7,4.8,0.29,0.0
Maraschino Cherries,16.5,0.02,0.02,4.2,0.32,3.88,5.4,0.04,0.4,2.1,0.0,0.0
Margarine,61.69,0.05,6.92,0.07,0.0,0.0,1.74,0.0,57.86,3.17,0.01,0.01
Margarine Sprd,23.4,0.02,2.53,0.26,0.0,0.0,0.6,0.01,61.3,3.6,0.0,0.05
Margarine-Butter Blend,71.4,0.03,8.03,0.08,0.0,0.0,1.0,0.0,63.3,2.2,0.01,1.2
Margarine-Like Shortening,62.8,0.0,7.1,0.0,0.0,0.0,0.0,0.0,86.4,0.0,0.0,0.0
Margarine-Like Sprd,38.17,0.04,4.12,0.29,0.0,0.14,1.25,0.0,72.16,3.35,0.01,0.01
Marie Callender Tky W/Gry & Drsng W/ Mshd Pot,9.9,0.82,0.24,1.14,0.1,0.22,2.4,0.02,31.1,0.0,0.11,1.7
Marie Callender'S Bf Stroganoff & Noodles,11.4,0.67,0.49,1.08,0.2,0.17,2.1,0.06,36.5,0.0,0.0,1.7
Marie Callender'S Chick Pot Pie,23.5,0.68,1.46,1.92,0.1,0.08,1.6,0.14,35.3,0.0,0.0,0.9
Marjoram,27.1,1.27,0.7,6.06,4.03,0.41,199.0,8.27,7.7,152.2,5.14,0.0
Marmalade,24.6,0.03,0.0,6.63,0.07,6.0,3.8,0.02,5.6,3.7,0.48,0.0
Martha White Foods,39.75,0.61,0.97,7.15,0.22,2.96,9.25,0.39,87.6,13.15,0.01,0.15
Mashu Roots,13.5,0.58,0.24,2.26,0.0,0.0,0.0,0.0,0.0,0.0,1.1,0.0
Mayonnaise,29.53,0.24,2.81,0.86,0.04,0.31,1.77,0.01,53.87,4.77,0.0,0.8
Mayonnaise Drsng,68.8,0.0,7.78,0.03,0.0,0.03,0.7,0.02,48.6,1.4,0.0,0.0
McDonald's,23.99,0.8,1.22,2.58,0.13,1.06,7.97,0.13,46.65,16.14,1.01,4.01
Mckee Baking,54.8,0.8,3.28,5.52,0.0,3.4,0.0,0.0,22.3,0.0,0.2,0.0
Meat Drippings (Lard,88.9,0.0,9.86,0.0,0.0,0.0,0.0,0.0,54.5,0.0,0.0,10.1
Meatballs,19.7,2.1,0.9,0.8,0.46,0.12,2.5,0.22,55.0,18.0,0.0,0.0
Melon,2.1,0.08,0.02,0.41,0.03,0.34,1.3,0.02,1.1,14.0,0.81,0.0
Melon Balls,3.3,0.08,0.02,0.79,0.07,0.0,1.0,0.03,3.1,28.0,0.62,0.0
Melons,3.27,0.08,0.01,0.79,0.09,0.72,0.87,0.02,1.43,22.57,2.55,0.0
Milk,12.62,0.92,0.32,1.53,0.01,1.24,30.46,0.01,18.31,41.55,0.21,1.4
Milk Dssrt,16.7,0.43,0.1,3.77,0.0,3.77,15.4,0.0,9.7,33.3,0.07,0.0
Milk Shakes,11.55,0.35,0.29,1.94,0.02,1.93,13.9,0.02,10.3,20.35,0.0,1.15
Milk Substitutes,6.1,0.18,0.34,0.62,0.0,0.31,3.3,0.04,7.8,11.4,0.0,0.0
Milkfish,16.9,2.34,0.77,0.0,0.0,0.0,5.8,0.04,8.2,33.3,0.0,5.95
Millet,28.37,0.92,0.29,5.88,0.42,0.02,0.63,0.22,0.4,9.9,0.0,0.0
Mission Foods,28.7,0.87,0.6,4.96,0.0,0.0,19.1,0.2,48.8,0.0,0.0,0.0
Mixed Nuts,60.7,1.65,5.43,2.33,0.78,0.18,9.2,0.32,20.18,57.26,0.05,0.0
Mixed Veg & Fruit Juc Drk,2.9,0.0,0.0,0.75,0.0,0.21,0.3,0.0,2.1,1.9,3.25,0.0
Monkfish,8.65,1.65,0.17,0.0,0.0,0.0,0.9,0.04,2.05,45.65,0.1,2.85
Moose,12.9,2.33,0.32,0.17,0.0,0.0,0.6,0.5,6.75,27.6,1.33,22.15
Mor-Nu,3.7,0.63,0.08,0.11,0.0,0.04,3.6,0.08,8.5,6.3,0.0,0.0
Mori-Nu,5.25,0.65,0.2,0.21,0.01,0.1,3.42,0.1,5.05,14.62,0.0,0.0
Morningstar Farms America'S Original Veggie Dog,13.2,1.97,0.13,1.23,0.35,0.41,2.3,0.15,106.8,12.1,0.0,0.0
Morningstar Farms Asian Veggie Patties,15.5,1.09,0.62,1.49,0.3,0.49,5.1,0.15,72.5,39.2,0.3,0.0
Morningstar Farms Brkfst Pattie Made W/ Org Soy,20.5,2.21,0.82,1.06,0.43,0.15,4.5,0.35,63.2,45.8,0.0,0.2
Morningstar Farms Cheddar Burger,22.2,1.97,1.04,1.61,0.5,0.18,23.9,0.24,71.6,41.3,2.2,1.2
Morningstar Farms Chik Patties Original,19.7,1.18,0.7,2.29,0.3,0.2,4.1,0.25,83.5,39.2,0.0,0.0
Morningstar Farms Chik'N Nuggets,21.8,1.42,0.87,2.08,0.23,0.13,3.7,0.28,65.7,32.8,0.0,0.1
Morningstar Farms Garden Veggie Patties,17.6,1.78,0.56,1.37,0.45,0.18,5.9,0.22,52.5,21.0,0.11,0.2
Morningstar Farms Grillers Original,21.3,2.39,0.93,0.85,0.44,0.12,6.1,0.42,42.2,18.2,0.0,0.3
Morningstar Farms Grillers Prime,23.8,2.4,1.32,0.59,0.26,0.03,5.8,0.28,50.1,22.4,0.0,0.1
Morningstar Farms Grillers Recipe Crumbles,13.1,1.78,0.43,0.77,0.47,0.06,3.2,0.46,42.7,18.9,0.0,0.0
Morningstar Farms Grillers Vegan,13.2,1.63,0.34,0.91,0.52,0.04,3.7,0.29,39.5,49.8,0.0,0.0
Morningstar Farms Italian Herb Chik Patties,23.6,1.36,0.7,3.11,0.34,0.15,5.0,0.38,68.2,48.3,0.0,0.0
Morningstar Farms Meal Starters Chik'N Strips,16.4,2.68,0.39,0.67,0.14,0.12,4.5,0.54,59.7,12.4,0.0,0.0
Morningstar Farms Meal Starters Steak Strips,17.3,2.61,0.41,0.9,0.11,0.12,4.7,0.83,62.3,21.4,0.0,0.0
Morningstar Farms Meatfree Buffalo Wings,23.0,1.45,0.94,2.33,0.37,0.2,5.1,0.32,77.4,49.3,0.06,0.0
Morningstar Farms Meatless Corn Dogs,22.8,1.14,0.62,3.17,0.42,0.74,1.3,0.18,65.7,8.8,0.0,0.0
Morningstar Farms Meatless Mini Corn Dogs,22.9,1.34,0.65,2.93,0.42,0.35,2.0,0.17,67.7,10.9,0.0,0.1
Morningstar Farms Mushroom Lover'S Burger,16.9,1.16,0.88,1.18,0.12,0.16,0.0,0.11,34.6,0.0,0.0,0.0
Morningstar Farms Okara Patties Made W/ Org Soy,17.8,1.86,0.72,0.96,0.45,0.12,3.8,0.24,47.5,38.2,0.0,0.1
Morningstar Farms Original Chik'N Tenders,23.3,1.47,0.81,2.52,0.36,0.06,5.2,0.32,71.4,24.7,0.0,0.0
Morningstar Farms Philly Cheesesteak Burger,18.6,1.46,0.95,1.05,0.31,0.08,6.0,0.18,60.0,21.9,1.21,0.0
Morningstar Farms Rstd Herb Chik'N W/ Org Soy,16.7,1.89,0.41,1.36,0.27,0.14,3.0,0.26,53.2,27.9,0.0,0.1
Morningstar Farms Sausage Style Recipe Crumbles,16.4,1.78,0.42,1.37,0.2,0.11,9.6,0.69,80.9,21.1,0.0,0.0
Morningstar Farms Spicy Black Bean Burger,17.1,1.61,0.57,1.97,0.68,0.28,10.3,0.22,52.0,38.0,0.1,0.1
Morningstar Farms Tomato & Basil Pizza Burger,18.1,1.55,0.83,1.11,0.37,0.24,4.8,0.18,38.9,23.8,2.2,1.1
Morningstar Farms Vegan Burger Made W/ Org Soy,13.8,1.89,0.22,1.07,0.57,0.21,3.1,0.28,64.4,34.9,0.0,0.0
Morningstar Farms Veggie Bacon Strips,34.6,1.24,2.66,1.43,0.51,0.08,4.2,0.36,146.3,9.7,0.0,0.2
Morningstar Farms Veggie Bites Broccoli Cheddar,20.9,0.99,1.17,1.74,0.15,0.34,8.7,0.38,64.1,16.3,0.68,0.8
Morningstar Farms Veggie Bites Country Scramble,21.6,1.3,0.94,1.98,0.24,0.21,8.0,0.35,64.0,11.0,0.7,1.3
Morningstar Farms Veggie Bites Eggs Florentine,20.6,1.17,0.87,2.01,0.22,0.33,11.4,0.33,65.7,16.7,0.13,1.4
Morningstar Farms Veggie Bites Spinach Artichoke,22.1,1.1,1.19,1.88,0.21,0.47,10.7,0.33,67.0,17.5,0.5,0.8
Morningstar Farms Veggie Cakes Ginger Teriyaki,16.3,0.82,0.23,2.79,0.27,0.26,3.2,0.53,47.5,25.1,0.53,0.0
Morningstar Farms Veggie Cakes Southwestern Style,19.7,0.95,0.46,3.08,0.32,0.04,8.3,0.53,50.0,20.8,0.3,0.7
Morningstar Farms Veggie Corn Dogs W/ Nat Ingr,23.1,1.16,0.68,3.09,0.23,0.82,1.3,0.24,73.5,8.8,0.0,0.0
Morningstar Farms Veggie Medley W/ Org Soy,17.8,1.59,0.57,1.58,0.27,0.16,4.7,0.25,39.4,34.7,0.0,0.2
Morningstar Farms Veggie Sausage Links,15.9,1.92,0.61,0.68,0.4,0.1,2.6,0.59,67.0,10.9,0.0,0.2
Morningstar Farms Veggie Sausage Patties,21.0,2.58,0.79,0.88,0.41,0.17,4.4,0.45,67.1,32.8,0.0,0.2
Mortadella,31.1,1.64,2.54,0.3,0.0,0.0,1.8,0.14,124.6,16.3,0.0,5.6
Mothbeans,19.23,1.29,0.09,3.45,0.0,0.0,5.2,0.57,9.53,59.97,0.2,0.0
Mother'S Loaf,28.2,1.21,2.23,0.75,0.0,0.0,4.3,0.13,112.7,22.5,0.1,4.5
Mountain Yam,7.7,0.16,0.01,1.88,0.0,0.0,1.4,0.04,9.1,46.93,0.09,0.0
Mouse Nuts,9.25,0.56,0.06,1.62,0.0,0.0,1.95,0.0,0.0,0.0,1.2,0.0
Muffin,25.5,0.42,0.42,5.0,0.42,2.7,3.5,0.2,31.5,9.6,0.09,2.8
Muffins,32.49,0.6,1.08,5.26,0.26,0.7,7.7,0.22,51.46,14.87,0.02,2.11
Mulberries,4.3,0.14,0.04,0.98,0.17,0.81,3.9,0.18,1.0,19.4,3.64,0.0
Mullet,13.35,2.21,0.43,0.0,0.0,0.0,3.6,0.12,6.8,40.75,0.12,5.6
Mung Bns,9.67,0.7,0.04,1.79,0.53,0.29,3.37,0.2,7.51,33.54,0.84,0.0
Mungo Bns,18.37,1.34,0.09,3.19,1.04,0.13,8.13,0.37,9.6,48.17,0.07,0.0
Mush,5.4,0.07,0.05,1.17,0.11,0.02,9.6,0.29,0.8,5.8,0.0,0.0
Mushroom,4.3,0.33,0.04,0.65,0.23,0.11,0.3,0.13,1.8,42.0,0.0,0.0
Mushrooms,5.18,0.32,0.04,1.08,0.27,0.14,0.61,0.08,8.57,39.0,0.09,0.0
Mussel,12.9,1.78,0.34,0.55,0.0,0.0,2.95,0.53,32.75,29.4,1.08,4.2
Mustard,6.7,0.44,0.4,0.53,0.33,0.09,5.8,0.15,113.5,13.8,0.15,0.0
Mustard Greens,2.6,0.27,0.02,0.49,0.33,0.16,10.3,0.15,2.5,35.4,7.0,0.0
Mustard Grns,1.76,0.23,0.02,0.28,0.26,0.02,9.32,0.1,11.66,17.04,2.07,0.0
Mustard Seed,46.9,2.49,2.88,3.49,1.47,0.68,52.1,1.0,0.5,68.2,0.3,0.0
Mustard Spinach,1.8,0.19,0.02,0.32,0.23,0.0,17.53,0.1,9.5,33.97,8.67,0.0
Mutton,23.4,3.34,1.11,0.01,0.0,0.0,1.0,0.48,13.5,40.9,0.0,10.9
Nabisco,44.2,0.55,1.66,6.95,0.23,2.85,6.56,0.36,49.34,13.4,0.0,0.2
Nalley Chili Con Carne W/Bns,10.9,1.56,0.31,0.46,0.5,0.0,0.0,0.18,47.7,0.0,0.0,1.0
Nectarines,4.4,0.11,0.03,1.06,0.17,0.79,0.6,0.03,0.0,20.1,0.54,0.0
Nestle,16.43,0.81,1.02,1.08,0.19,0.13,2.27,0.14,56.87,20.87,0.0,2.2
New England Brand Sausage,16.1,1.73,0.76,0.48,0.0,0.0,0.7,0.09,122.0,32.1,0.0,4.9
New Zealand Spinach,1.27,0.14,0.02,0.23,0.0,0.0,5.13,0.07,19.33,11.13,2.07,0.0
Noodles,27.7,0.8,0.58,4.87,0.19,0.04,2.19,0.19,27.64,11.54,0.0,2.75
Nopales,1.55,0.13,0.01,0.33,0.21,0.11,16.4,0.05,2.05,22.6,0.73,0.0
Nutmeg,52.5,0.58,3.63,4.93,2.08,2.85,18.4,0.3,1.6,35.0,0.3,0.0
Nuts,55.0,1.25,4.62,2.95,0.41,1.63,4.12,0.39,11.72,48.48,0.04,0.0
Oat Bran,14.3,1.03,0.39,3.88,0.9,0.07,3.4,0.31,0.25,32.9,0.0,0.0
Oat Flr,40.4,1.47,0.91,6.57,0.65,0.08,5.5,0.4,1.9,37.1,0.0,0.0
Ocean Perch,10.75,2.12,0.19,0.0,0.0,0.0,12.2,0.11,8.55,31.15,0.08,4.8
Octopus,12.3,2.24,0.16,0.33,0.0,0.0,7.95,0.74,34.5,49.0,0.65,7.2
Oheloberries,2.8,0.04,0.02,0.68,0.0,0.0,0.7,0.01,0.1,3.8,0.6,0.0
Oil,88.36,0.0,9.96,0.03,0.0,0.0,0.02,0.0,0.18,0.03,0.0,0.28
Okra,2.68,0.19,0.02,0.57,0.27,0.25,8.47,0.05,8.33,20.87,1.51,0.0
Old El Paso Chili W/Bns,10.9,0.77,0.45,0.95,0.43,0.0,0.0,0.12,25.8,0.0,0.0,1.6
Olive Loaf,23.5,1.18,1.65,0.92,0.0,0.0,10.9,0.05,148.4,29.7,0.0,3.8
Olives,11.37,0.09,1.1,0.52,0.3,0.02,7.8,0.24,110.87,1.97,0.08,0.0
Onion Rings,33.25,0.42,2.04,3.43,0.15,0.0,3.85,0.13,31.05,15.95,0.3,0.0
Onions,5.76,0.16,0.08,1.2,0.21,0.49,4.37,0.06,7.68,24.34,1.39,0.0
Oopah (Tunicate),6.7,1.17,0.22,0.0,0.0,0.0,5.3,2.07,0.0,0.0,0.0,0.0
Orange Brkfst Drk,4.8,0.0,0.0,1.2,0.02,0.73,5.2,0.0,2.8,6.2,1.85,0.0
Orange Drk,8.23,0.02,0.0,2.09,0.0,2.0,17.4,0.01,1.3,21.67,10.07,0.0
Orange Juc,6.38,0.1,0.02,1.5,0.03,0.91,4.53,0.02,0.18,26.97,5.26,0.0
Orange Juice,4.5,0.07,0.02,1.04,0.02,0.84,1.1,0.02,0.1,20.0,5.0,0.0
Orange Peel,9.7,0.15,0.02,2.5,1.06,0.0,16.1,0.08,0.3,21.2,13.6,0.0
Orange&Apricot Juc Drk,5.1,0.03,0.01,1.27,0.01,1.21,0.5,0.01,0.2,8.0,2.0,0.0
Orange-Flavor Drk,17.46,0.07,0.01,5.05,0.09,3.21,39.68,0.01,2.74,78.12,59.45,0.0
Orange-Grapefruit Juc,4.3,0.06,0.01,1.03,0.01,1.02,0.8,0.05,0.3,15.8,2.91,0.0
Oranges,5.08,0.1,0.02,1.26,0.28,0.54,4.72,0.02,0.06,17.82,5.54,0.0
Oriental Mix,50.6,1.73,2.56,5.16,1.32,0.3,5.4,0.24,41.3,32.8,0.03,0.0
Oscar Mayer,23.7,1.38,1.87,0.33,0.0,0.19,3.32,0.22,116.37,22.98,0.05,7.19
Ostrich,13.59,2.46,0.35,0.0,0.0,0.0,0.57,0.36,7.72,33.28,0.0,7.84
Owl,13.6,2.27,0.5,0.0,0.0,0.0,1.6,0.48,0.0,0.0,0.0,0.0
Oyster,10.28,0.95,0.39,0.66,0.0,0.0,4.57,0.72,22.94,20.27,0.6,6.18
Palm Hearts,11.5,0.27,0.02,2.56,0.15,1.72,1.8,0.17,1.4,180.6,0.8,0.0
Pancakes,27.49,0.83,0.52,4.88,0.21,0.14,23.77,0.29,78.59,26.32,0.04,2.82
Pancakes Plain,22.5,0.53,0.52,3.93,0.24,0.97,7.1,0.22,50.5,12.4,0.03,1.8
"Papa John'S 14"" Chs Pizza",27.75,1.19,1.25,2.95,0.21,0.46,20.2,0.12,55.3,14.9,0.0,2.35
"Papa John'S 14"" Pepperoni Pizza",27.5,1.2,1.19,3.0,0.12,0.48,15.2,0.2,67.1,15.0,0.0,2.6
"Papa John'S 14"" The Works Pizza",24.0,1.03,1.02,2.67,0.25,0.48,9.9,0.15,57.0,16.0,0.0,2.1
Papaya Nectar,5.7,0.02,0.02,1.45,0.06,1.39,1.0,0.03,0.5,3.1,0.3,0.0
Papayas,3.9,0.06,0.01,0.98,0.18,0.59,2.4,0.01,0.3,25.7,6.18,0.0
Parmesan Chs Topping,37.0,4.0,0.5,4.0,0.0,0.15,80.0,0.5,115.0,60.0,0.0,2.0
Parsley,19.43,1.89,0.35,3.35,2.21,0.27,59.4,5.27,29.97,355.3,13.47,0.0
Parsnips,7.23,0.13,0.03,1.73,0.42,0.48,3.67,0.06,8.87,36.97,1.43,0.0
Passion-Fruit,9.7,0.22,0.07,2.34,1.04,1.12,1.2,0.16,2.8,34.8,3.0,0.0
Passion-Fruit Juc,5.55,0.05,0.01,1.4,0.02,1.38,0.4,0.03,0.6,27.8,2.4,0.0
Pasta,19.69,0.66,0.15,3.95,0.2,0.0,1.29,0.15,2.81,10.96,0.0,3.16
Pasta W/Meatballs In Tomato Sau,10.3,0.43,0.41,1.23,0.27,0.4,1.1,0.09,41.8,16.5,0.3,0.8
Pasta W/Sliced Franks In Tomato Sau,10.4,0.37,0.46,1.19,0.09,0.32,1.8,0.09,48.2,19.1,0.38,0.9
Pastrami,13.3,1.63,0.62,0.18,0.01,0.33,1.1,0.42,98.1,34.5,0.81,6.8
Pate,32.73,1.3,2.83,0.42,0.0,0.0,5.0,0.67,59.33,12.37,0.4,26.53
Pate De Foie Gras,46.2,1.14,4.38,0.47,0.0,0.0,7.0,0.55,69.7,13.8,0.2,15.0
Patio Bf & Bean Burrito,20.7,0.65,0.68,3.01,0.35,0.53,2.1,0.23,50.9,0.0,0.0,0.5
Peach Nectar,5.4,0.03,0.0,1.39,0.06,0.67,0.5,0.02,0.7,4.0,1.6,0.0
Peaches,9.97,0.12,0.02,2.58,0.18,1.15,0.93,0.12,0.48,30.57,1.03,0.0
Peanut Butter,58.62,2.5,4.84,2.2,0.64,0.94,4.25,0.57,31.35,70.19,0.0,0.0
Peanut Butter W/ Omega-3,60.8,2.45,5.42,1.7,0.61,0.31,4.5,0.17,35.6,78.0,0.0,0.0
Peanut Flour,37.75,4.3,1.12,3.3,1.58,0.41,13.5,0.34,9.05,132.4,0.0,0.0
Peanut Sprd,65.0,2.48,5.49,1.42,0.78,0.33,7.2,0.28,44.7,81.8,0.0,0.0
Peanuts,56.2,2.53,4.77,1.83,0.86,0.18,7.61,0.22,24.02,63.03,0.01,0.0
Pear Nectar,6.0,0.01,0.0,1.58,0.06,0.76,0.5,0.03,0.4,1.3,1.4,0.0
Pears,8.81,0.05,0.02,2.32,0.32,1.38,0.99,0.05,0.34,14.42,0.26,0.0
Peas,8.43,0.58,0.04,1.52,0.47,0.35,3.08,0.17,11.18,24.72,1.76,0.0
Peas&Carrots,4.5,0.28,0.04,0.97,0.3,0.23,2.38,0.09,14.3,14.2,0.81,0.0
Peas&Onions,5.28,0.31,0.03,0.98,0.26,0.19,1.7,0.11,20.32,13.32,0.77,0.0
Pecans,71.25,0.94,7.48,1.33,0.94,0.4,6.95,0.26,19.45,40.8,0.07,0.0
Pectin,16.8,0.02,0.02,4.62,0.54,0.0,0.35,0.14,10.0,0.35,0.0,0.0
Pepeao,29.8,0.48,0.04,8.1,0.0,0.0,11.3,0.61,7.0,70.8,0.14,0.0
Pepper,20.15,0.81,0.53,4.23,1.81,0.28,15.6,1.05,2.42,105.3,4.13,0.0
Pepperidge Farm Appl Turnovers,31.9,0.42,1.8,3.51,0.18,1.21,0.0,0.14,19.8,0.0,0.0,0.0
Pepperidge Farm Classic Style Croutons,46.5,1.36,1.85,6.11,0.0,0.0,0.0,0.0,139.0,0.0,0.0,0.0
Pepperidge Farm Crusty Italian Bread,37.2,0.83,1.92,4.16,0.0,0.0,0.0,0.24,40.0,0.0,0.0,1.1
Peppermint,7.0,0.38,0.09,1.49,0.8,0.0,24.3,0.51,3.1,56.9,3.18,0.0
Pepperoni,49.4,2.27,4.4,0.0,0.0,0.0,2.2,0.16,165.3,27.9,0.07,10.5
Peppers,7.29,0.29,0.2,1.35,0.45,0.62,2.58,0.18,30.21,50.14,21.17,0.0
Perch,10.4,2.21,0.11,0.0,0.0,0.0,9.1,0.1,7.05,30.65,0.17,10.25
Persimmons,15.7,0.09,0.04,4.18,0.6,0.42,2.0,0.11,0.13,42.43,2.45,0.0
Pheasant,16.56,2.5,0.65,0.0,0.0,0.0,1.46,0.13,3.96,26.28,0.51,7.28
Pickle Relish,11.67,0.08,0.05,3.1,0.19,0.97,0.4,0.11,99.93,5.97,0.14,0.0
Pickle&Pimiento Loaf,22.5,1.12,1.6,0.85,0.15,0.85,10.9,0.13,130.4,37.1,0.78,5.8
Pickles,5.51,0.06,0.03,1.33,0.12,1.06,1.99,0.06,44.59,8.37,0.18,0.0
Picnic Loaf,23.2,1.49,1.66,0.48,0.0,0.0,4.7,0.1,116.4,26.7,0.0,3.8
Pie,27.58,0.32,1.34,3.72,0.11,0.92,3.82,0.1,26.53,11.1,0.15,2.03
Pie Crust,49.28,0.52,2.88,5.37,0.17,0.91,2.57,0.23,51.9,9.6,0.0,0.24
Pie Fillings,11.22,0.04,0.01,2.76,0.13,1.52,1.32,0.04,2.22,9.57,0.22,0.0
Pigeon Peas (Red Gm),19.5,1.17,0.08,3.64,0.95,0.0,7.2,0.25,8.77,72.0,0.0,0.0
Pigeonpeas,11.93,0.64,0.15,2.1,0.58,0.27,4.13,0.16,8.33,48.8,3.17,0.0
Pike,10.32,2.19,0.11,0.0,0.0,0.0,9.52,0.11,5.1,36.95,0.19,7.12
Pilinuts-Canarytree,71.9,1.08,7.96,0.4,0.0,0.0,14.5,0.35,0.3,50.7,0.06,0.0
Pillsbury,34.56,0.54,1.09,5.65,0.13,2.36,0.0,0.24,56.74,0.0,0.0,0.36
Pillsbury Golden Layer Bttrmlk Biscuit,30.7,0.59,1.32,4.12,0.12,0.59,0.0,0.21,105.9,0.0,0.0,0.0
Pillsbury Grands,31.7,0.69,1.38,4.14,0.12,0.69,3.4,0.25,103.4,0.0,0.0,0.0
Pimento,2.3,0.11,0.03,0.51,0.19,0.27,0.6,0.17,1.4,15.8,8.49,0.0
Pine Nuts,62.9,1.16,6.1,1.93,1.07,0.0,0.8,0.31,7.2,62.8,0.2,0.0
Pineapple,5.97,0.04,0.01,1.55,0.09,1.15,1.35,0.03,0.11,11.26,1.78,0.0
Pineapple Juc,8.43,0.06,0.01,2.07,0.03,1.9,1.9,0.05,0.2,21.7,2.7,0.0
Pineapple&Grapefruit Juc Drk,4.7,0.02,0.01,1.16,0.01,1.15,0.7,0.03,1.4,6.1,4.6,0.0
Pineapple&Orange Juc Drk,5.0,0.13,0.0,1.18,0.01,1.16,0.5,0.03,0.3,4.6,2.25,0.0
Pinon Nuts,54.1,0.74,3.41,5.11,4.34,0.0,1.8,0.35,31.0,45.8,0.0,0.0
Pistachio Nuts,56.53,2.11,4.55,2.75,1.03,0.78,10.9,0.42,13.87,103.63,0.32,0.0
Pitanga,3.3,0.08,0.04,0.75,0.0,0.0,0.9,0.02,0.3,10.3,2.63,0.0
Pizza,27.42,1.16,1.25,2.89,0.23,0.17,16.28,0.18,56.32,18.46,0.25,1.6
"Pizza Hut 12"" Chs Pizza",28.47,1.3,1.25,2.99,0.17,0.31,23.17,0.18,69.77,17.73,0.0,2.63
"Pizza Hut 12"" Pepperoni Pizza",28.9,1.24,1.28,3.1,0.18,0.34,15.05,0.21,74.65,20.3,0.0,2.55
"Pizza Hut 12"" Super Supreme Pizza",24.3,1.09,1.07,2.56,0.2,0.37,12.9,0.2,68.9,23.3,0.0,2.0
"Pizza Hut 14"" Chs Pizza",28.23,1.3,1.22,3.02,0.1,0.28,21.3,0.17,65.87,16.07,0.01,3.2
"Pizza Hut 14"" Pepperoni Pizza",29.25,1.22,1.32,3.12,0.2,0.28,13.95,0.19,70.6,17.35,0.0,3.05
"Pizza Hut 14"" Super Supreme Pizza",24.8,1.13,1.1,2.6,0.23,0.3,10.4,0.15,65.8,20.8,0.06,2.8
Plains Pricklypear,6.65,0.03,0.02,1.59,0.27,0.05,9.0,0.01,0.2,6.5,0.86,0.0
Plantains,11.9,0.1,0.03,3.15,0.23,1.45,0.25,0.06,0.45,48.2,1.46,0.0
Plums,9.54,0.07,0.02,2.48,0.25,1.52,1.4,0.06,0.8,23.02,0.3,0.0
Pokeberry Shoots,2.1,0.24,0.04,0.33,0.16,0.11,5.3,0.14,9.83,20.33,10.0,0.0
Polish Sausage,32.6,1.41,2.87,0.16,0.0,0.0,1.2,0.14,87.6,23.7,0.1,7.0
Pollock,10.1,2.13,0.1,0.0,0.0,0.0,3.7,0.04,10.28,38.12,0.0,8.22
Pomegranate Juc,5.4,0.02,0.03,1.31,0.01,1.26,1.1,0.01,0.9,21.4,0.01,0.0
Pomegranates,8.3,0.17,0.12,1.87,0.4,1.37,1.0,0.03,0.3,23.6,1.02,0.0
Pompano,18.75,2.11,1.08,0.0,0.0,0.0,3.25,0.06,7.05,50.85,0.0,5.7
Popcorn,44.84,0.9,1.58,6.96,0.96,1.2,2.47,0.24,47.81,24.35,0.01,0.11
Popeyes,27.1,2.0,1.64,1.09,0.07,0.06,2.62,0.1,58.5,27.18,0.07,9.21
Popovers,37.1,1.04,0.43,7.1,0.0,0.0,3.2,0.19,90.6,10.0,0.01,0.0
Pork,22.05,2.19,1.41,0.04,0.0,0.03,1.44,0.15,46.12,32.49,0.12,10.0
Pork & Turkey Sausage,34.2,1.2,3.06,0.36,0.0,0.0,7.4,0.13,87.6,23.0,0.07,7.2
Pork Sausage,34.03,1.63,3.0,0.0,0.0,0.0,5.3,0.11,71.23,28.3,0.07,7.67
Pork Sausage Rice Links,40.7,1.37,3.76,0.24,0.0,0.0,1.5,0.11,68.9,21.2,0.0,6.6
Pork Skins,54.1,5.96,3.16,0.08,0.0,0.0,3.65,0.1,225.25,15.35,0.1,10.5
Pork&Bf Sausage,39.6,1.38,3.62,0.27,0.0,0.0,1.0,0.11,80.5,18.9,0.0,7.1
Potato,8.5,0.23,0.01,1.93,0.22,0.1,1.35,0.09,0.8,47.8,1.46,0.0
Potato Chips,50.56,0.71,2.82,5.91,0.47,0.07,4.96,0.16,51.78,121.86,2.34,0.13
Potato Puffs,18.25,0.2,0.82,2.69,0.22,0.02,1.35,0.06,46.85,29.85,0.69,0.0
Potato Salad,14.3,0.27,0.82,1.12,0.13,0.0,1.9,0.06,52.9,25.4,1.0,6.8
Potato Soup,34.3,0.92,0.31,7.61,0.76,1.0,17.2,0.24,61.2,124.8,1.6,1.2
Potatoes,13.92,0.29,0.33,2.54,0.27,0.06,2.96,0.13,23.25,43.61,1.22,0.23
Poultry,23.8,1.33,2.01,0.0,0.0,0.0,14.93,0.15,4.37,11.2,0.22,12.57
Poultry Fd Products,19.2,2.24,1.07,0.0,0.0,0.0,1.9,0.16,10.05,25.15,0.0,9.05
Pout,9.05,1.9,0.1,0.0,0.0,0.0,1.15,0.03,6.95,45.65,0.0,5.95
Prairie Turnips,14.25,0.21,0.03,3.28,0.76,0.28,11.65,0.11,0.45,13.2,0.38,0.0
Pretzels,37.66,0.91,0.5,7.57,0.28,0.05,3.4,0.3,88.96,17.99,0.02,0.09
Prickly Pears,4.1,0.07,0.05,0.96,0.36,0.0,5.6,0.03,0.5,22.0,1.4,0.0
Prk,15.8,2.55,0.57,0.02,0.0,0.05,0.7,0.07,59.55,43.05,0.0,6.9
Prune Juice,7.1,0.06,0.0,1.74,0.1,1.65,1.2,0.12,0.4,27.6,0.41,0.0
Prunes,18.57,0.19,0.04,4.89,0.13,0.0,3.77,0.17,0.33,54.57,0.09,0.0
Pudding,10.9,0.06,0.11,2.42,0.0,1.35,0.8,0.01,6.3,0.6,0.0,4.9
Puddings,22.08,0.21,0.22,4.87,0.07,1.75,9.41,0.04,65.7,13.52,0.04,0.43
Puff Pastry,55.45,0.74,3.83,4.54,0.15,0.07,1.0,0.26,25.1,6.15,0.0,0.0
Pummelo,3.8,0.08,0.0,0.96,0.1,0.0,0.4,0.01,0.1,21.6,6.1,0.0
Pumpkin,2.48,0.1,0.01,0.59,0.16,0.21,2.33,0.09,12.12,21.97,0.53,0.0
Pumpkin Flowers,1.5,0.11,0.01,0.33,0.04,0.12,3.8,0.08,0.55,13.95,1.65,0.0
Pumpkin Leaves,2.03,0.29,0.03,0.3,0.18,0.05,4.17,0.29,8.77,43.73,0.43,0.0
Pumpkin Pie Mix,10.4,0.11,0.01,2.64,0.83,0.0,3.7,0.11,20.8,13.8,0.35,0.0
Pumpkin&Squash Sd Krnls,52.83,3.02,4.34,1.49,0.39,0.14,4.3,1.5,20.37,80.63,0.18,0.0
Pumpkin&Squash Seeds,44.6,1.86,1.94,5.38,0.0,0.0,5.5,0.33,29.65,91.9,0.03,0.0
Purslane,1.73,0.14,0.02,0.35,0.0,0.0,7.37,0.12,12.3,49.0,1.4,0.0
Quail,17.08,2.23,0.84,0.0,0.0,0.0,1.27,0.38,5.28,23.22,0.52,7.25
Quaker Oats,0.5,0.0,0.0,0.12,0.0,0.12,0.1,0.0,1.3,1.6,0.88,0.0
Quinces,5.7,0.04,0.01,1.53,0.19,0.0,1.1,0.07,0.4,19.7,1.5,0.0
Quinoa,24.4,0.93,0.4,4.27,0.49,0.0,3.2,0.3,0.6,36.75,0.0,0.0
Radicchio,2.3,0.14,0.02,0.45,0.09,0.06,1.9,0.06,2.2,30.2,0.8,0.0
Radish Seeds,4.3,0.38,0.25,0.36,0.0,0.0,5.1,0.09,0.6,8.6,2.89,0.0
Radishes,5.44,0.18,0.03,1.22,0.14,0.14,11.0,0.13,20.07,73.39,1.37,0.0
Raisins,29.9,0.3,0.05,7.91,0.48,3.95,4.37,0.21,1.7,77.33,0.36,0.0
Rambutan,8.2,0.06,0.02,2.09,0.09,0.0,2.2,0.03,1.1,4.2,0.49,0.0
Raspberries,7.7,0.1,0.03,1.88,0.54,1.29,2.17,0.06,0.22,13.35,1.94,0.0
Red Baron Premium Pockets,26.8,1.12,1.27,2.72,0.0,0.0,14.3,0.0,79.1,0.0,0.0,3.1
Refried Bns,8.43,0.53,0.08,1.41,0.48,0.06,3.4,0.17,43.9,34.13,0.2,0.0
Rennin,8.68,0.31,0.26,1.28,0.02,0.0,12.25,0.02,4.88,16.08,0.09,0.98
Rhubarb,5.48,0.15,0.02,1.27,0.14,0.77,10.62,0.02,0.18,12.3,1.23,0.0
Rice,23.31,0.47,0.08,5.03,0.12,0.01,1.57,0.17,11.28,7.92,0.0,0.01
Rice Bowl W/ Chick,12.6,0.57,0.16,2.25,0.07,0.41,1.3,0.03,33.3,12.3,0.3,1.6
Rice Bran,31.6,1.34,2.08,4.97,2.1,0.09,5.7,1.85,0.5,148.5,0.0,0.0
Rice Cake,39.2,0.71,0.43,8.11,0.42,0.09,1.1,0.15,7.1,42.8,0.0,0.0
Rice Cakes,38.63,0.83,0.34,8.07,0.27,0.02,1.4,0.15,13.6,29.32,0.06,0.0
Rice Flour,36.45,0.66,0.21,7.83,0.35,0.05,1.05,0.12,0.4,18.25,0.0,0.0
Rice Noodles,23.65,0.22,0.04,5.41,0.13,0.0,1.1,0.04,10.05,1.7,0.0,0.0
Rockfish,10.75,2.14,0.18,0.0,0.0,0.0,1.05,0.05,6.85,46.25,0.0,3.95
Roe,17.35,2.55,0.73,0.17,0.0,0.0,2.5,0.07,10.4,25.2,1.62,42.65
Rolls,27.53,0.94,0.48,4.92,0.39,0.37,9.53,0.32,51.69,14.19,0.0,0.68
Rose Hips,16.2,0.16,0.03,3.82,2.41,0.26,16.9,0.11,0.4,42.9,42.6,0.0
Rose-Apples,2.5,0.06,0.03,0.57,0.0,0.0,2.9,0.01,0.0,12.3,2.23,0.0
Roselle,4.9,0.1,0.06,1.13,0.0,0.0,21.5,0.15,0.6,20.8,1.2,0.0
Rosemary,23.1,0.41,1.05,4.24,2.83,0.0,79.85,1.8,3.8,81.15,4.15,0.0
Roughy,9.05,1.95,0.08,0.0,0.0,0.0,1.0,0.11,7.05,17.4,0.0,7.0
Rowal,11.1,0.23,0.2,2.39,0.62,1.41,1.5,0.22,0.4,13.1,2.58,0.0
Rutabagas,3.8,0.13,0.02,0.85,0.14,0.59,4.77,0.05,9.8,32.97,2.09,0.0
Rye Flour,34.83,1.06,0.19,7.55,1.73,0.1,3.37,0.35,0.2,43.43,0.0,0.0
Sablefish,23.4,1.61,1.84,0.0,0.0,0.0,4.33,0.15,28.83,42.93,0.0,5.87
Safflower Sd Krnls,51.7,1.62,3.84,3.43,0.0,0.0,7.8,0.49,0.3,68.7,0.0,0.0
Safflower Sd Meal,34.2,3.56,0.24,4.87,0.0,0.0,7.7,0.49,0.3,6.8,0.0,0.0
Sage,31.5,1.06,1.27,6.07,4.03,0.17,165.2,2.81,1.1,107.0,3.24,0.0
Salad Dressing,39.0,0.09,3.34,2.38,0.01,2.01,1.4,0.02,71.0,0.9,0.0,2.6
Salami,32.4,2.17,2.47,0.21,0.0,0.05,1.9,0.14,168.08,32.2,0.0,8.6
Salmon,16.56,2.36,0.73,0.0,0.0,0.0,7.65,0.07,21.57,40.76,0.08,6.1
Salmonberries,4.7,0.08,0.03,1.01,0.19,0.37,1.3,0.04,1.4,11.0,0.92,0.0
Salsify,7.27,0.29,0.02,1.64,0.32,0.19,5.13,0.06,9.6,31.53,0.57,0.0
Salt,0.0,0.0,0.0,0.0,0.0,0.0,2.4,0.03,3875.8,0.8,0.0,0.0
Sandwich Sprd,38.9,0.09,3.4,2.24,0.04,1.52,1.4,0.02,100.0,3.5,0.0,7.6
Sandwich Spread,19.2,0.78,1.32,1.05,0.17,0.23,2.8,0.11,82.15,22.5,0.0,1.9
Sandwiches&Burgers,24.7,1.66,0.86,2.56,0.0,0.0,7.45,0.27,65.95,22.65,0.14,4.0
Sapodilla,8.3,0.04,0.11,2.0,0.53,0.0,2.1,0.08,1.2,19.3,1.47,0.0
Sapotes,13.4,0.21,0.06,3.38,0.26,0.0,3.9,0.1,1.0,34.4,2.0,0.0
Sardine,19.7,2.27,1.1,0.04,0.01,0.02,31.1,0.26,45.95,36.9,0.05,10.15
Sauce,15.22,0.43,0.67,1.88,0.14,0.8,9.91,0.1,136.61,29.57,0.91,0.66
Sauerkraut,2.05,0.09,0.01,0.43,0.27,0.18,3.0,0.15,48.45,17.0,1.47,0.0
Sausage,29.88,1.55,2.48,0.33,0.05,0.01,2.25,0.15,95.43,20.12,0.04,5.8
Savory,27.2,0.67,0.59,6.87,4.57,0.0,213.2,3.79,2.4,105.1,5.0,0.0
Scallop,12.85,1.77,0.34,0.58,0.0,0.0,4.72,0.11,42.12,30.85,0.13,4.22
Scrambled Eggs&Sausage W/Hashed Brown Potatoes,20.4,0.71,1.52,0.97,0.08,0.0,0.0,0.09,43.6,0.0,0.0,16.0
Scrapple,21.3,0.81,1.39,1.41,0.03,0.02,0.7,0.19,65.9,15.8,0.25,4.9
Scup,12.0,2.15,0.31,0.0,0.0,0.0,4.55,0.06,4.8,32.75,0.0,5.95
Sea Bass,11.05,2.1,0.23,0.0,0.0,0.0,1.15,0.03,7.75,29.2,0.0,4.7
Sea Cucumber,5.6,1.3,0.04,0.0,0.0,0.0,3.0,0.06,0.0,0.0,0.0,0.0
Sea Lion,25.73,1.78,2.01,0.13,0.0,0.0,0.53,0.73,9.6,26.92,0.0,16.23
Seal,21.5,3.53,0.82,0.0,0.0,0.0,0.7,1.99,8.34,31.4,0.0,7.5
Seatrout,11.85,1.91,0.41,0.0,0.0,0.0,1.95,0.03,6.6,38.9,0.0,9.45
Seaweed,10.25,1.03,0.13,1.88,0.19,0.11,15.89,0.88,30.96,42.49,0.74,0.0
Seeds,53.4,1.83,4.22,2.89,2.73,0.15,25.5,0.57,3.0,81.3,0.06,0.0
Semolina,36.0,1.27,0.11,7.28,0.39,0.0,1.7,0.28,0.1,18.6,0.0,0.0
Sesame Butter,59.0,1.76,5.24,2.22,0.76,0.01,41.76,0.83,4.74,46.56,0.08,0.0
Sesame Flour,42.95,4.05,1.94,3.11,0.0,0.0,15.4,1.47,4.0,41.0,0.0,0.0
Sesame Flr,38.2,4.03,1.19,3.51,0.0,0.0,15.0,1.43,4.1,42.5,0.0,0.0
Sesame Meal,56.7,1.7,4.8,2.6,0.0,0.0,15.3,1.46,3.9,40.6,0.0,0.0
Sesame Sd Krnls,58.83,1.81,5.24,2.13,1.51,0.05,10.73,0.73,22.47,39.4,0.0,0.0
Sesame Seeds,56.9,1.73,4.88,2.46,1.29,0.02,98.2,1.47,1.1,47.15,0.0,0.0
Sesame Stks,54.1,1.09,3.67,4.65,0.14,0.01,17.0,0.07,75.85,17.7,0.0,0.0
Sesbania Flower,2.33,0.12,0.0,0.57,0.0,0.0,2.1,0.07,9.1,13.27,4.9,0.0
Shad,22.45,1.93,1.57,0.0,0.0,0.0,5.35,0.11,5.8,43.8,0.0,8.55
Shake,12.93,0.34,0.43,1.97,0.11,1.07,11.37,0.03,8.7,18.27,0.04,1.57
Shallots,21.0,0.74,0.03,4.88,0.0,0.0,11.0,0.36,3.55,99.2,2.35,0.0
Shark,17.9,1.98,0.92,0.32,0.0,0.0,4.2,0.1,10.05,15.75,0.0,5.5
Sheepshead,11.7,2.31,0.2,0.0,0.0,0.0,2.9,0.06,7.2,45.8,0.0,5.7
Sherbet,14.4,0.11,0.2,3.04,0.13,2.43,5.4,0.01,4.6,9.6,0.23,0.1
Shortening,88.64,0.0,10.0,0.0,0.0,0.0,0.01,0.0,0.04,0.0,0.0,0.51
Shortening Bread,88.4,0.0,10.0,0.0,0.0,0.0,0.0,0.0,0.0,0.0,0.0,0.0
Shortening Cake Mix,88.4,0.0,10.0,0.0,0.0,0.0,0.0,0.0,0.0,0.0,0.0,0.0
Shortening Confectionery,88.4,0.0,10.0,0.0,0.0,0.0,0.0,0.0,0.0,0.0,0.0,0.0
Shortening Frying (Hvy Duty),89.2,0.0,10.0,0.0,0.0,0.0,0.0,0.0,0.0,0.0,0.0,5.0
Shortening Frying (Reg),88.4,0.0,10.0,0.0,0.0,0.0,0.0,0.0,0.0,0.0,0.0,0.0
Shortening Frying Hvy Duty,88.4,0.0,10.0,0.0,0.0,0.0,0.0,0.0,0.0,0.0,0.0,0.0
Shortening Industrial,89.2,0.0,10.0,0.0,0.0,0.0,0.0,0.0,0.0,0.0,0.0,2.8
Shrimp,12.96,1.91,0.36,0.43,0.01,0.0,6.44,0.19,43.96,15.22,0.2,16.24
Side Dishes,11.4,0.15,0.6,1.35,0.0,0.0,1.4,0.07,32.8,27.0,0.11,6.0
Silk Chai,5.3,0.25,0.14,0.78,0.0,0.58,12.3,0.04,4.1,12.3,0.0,0.0
Silk Choc,5.8,0.21,0.14,0.95,0.08,0.78,12.3,0.06,4.1,14.4,0.0,0.0
Silk Coffee,6.2,0.21,0.14,1.03,0.0,0.95,12.3,0.0,4.1,13.2,0.0,0.0
Silk Lt Choc,4.9,0.21,0.06,0.9,0.08,0.78,12.3,0.06,4.1,14.4,0.0,0.0
Silk Lt Pln,2.9,0.25,0.08,0.33,0.04,0.25,12.3,0.04,4.9,12.3,0.0,0.0
Silk Lt Vanilla,3.3,0.25,0.08,0.41,0.04,0.29,12.3,0.04,3.9,12.3,0.0,0.0
Silk Mocha,5.8,0.21,0.14,0.9,0.0,0.74,12.3,0.04,4.1,12.3,0.0,0.0
Silk Nog,7.4,0.25,0.16,1.23,0.0,0.98,1.6,0.03,6.1,12.3,0.0,0.0
Silk Pln,4.1,0.29,0.16,0.33,0.04,0.25,12.3,0.04,4.9,12.3,0.0,0.0
Silk Plus Fiber,4.1,0.25,0.14,0.58,0.21,0.29,12.3,0.04,3.9,12.3,0.0,0.0
Silk Plus For Bone Health,4.1,0.25,0.14,0.45,0.08,0.29,16.5,0.04,3.9,12.3,0.0,0.0
Silk Plus Omega-3 Dha,4.5,0.29,0.21,0.33,0.04,0.25,14.4,0.04,4.9,14.4,0.0,0.0
Silk Unswtnd,3.3,0.29,0.16,0.16,0.04,0.04,12.3,0.04,3.5,12.3,0.0,0.0
Silk Vanilla,4.1,0.25,0.14,0.41,0.04,0.29,12.3,0.04,3.9,12.3,0.0,0.0
Silk Very Vanilla,5.3,0.25,0.16,0.78,0.04,0.66,14.4,0.04,5.8,12.3,0.86,0.0
Sisymbrium Sp. Seeds,31.8,1.21,0.46,5.83,0.0,0.0,163.3,0.01,9.2,213.0,3.07,0.0
Smart Ones,10.3,0.52,0.19,1.63,0.11,0.67,4.1,0.03,25.0,0.0,0.11,1.75
Smelt,20.23,3.21,0.78,0.0,0.0,0.0,57.9,0.25,18.57,55.4,0.0,13.63
Smoked Link Sausage,29.6,1.31,2.58,0.2,0.0,0.13,3.93,0.12,109.07,30.8,0.11,6.37
Snack,55.9,0.44,3.84,5.2,0.31,0.11,2.7,0.08,38.8,75.1,0.82,0.0
Snacks,44.14,0.72,1.67,6.67,0.41,1.13,19.72,0.25,51.01,22.66,1.04,1.22
Snail,9.0,1.61,0.14,0.2,0.0,0.0,1.0,0.35,7.0,38.2,0.0,5.0
Snapper,11.4,2.34,0.15,0.0,0.0,0.0,3.6,0.02,6.05,46.95,0.16,4.2
Soup,7.39,0.33,0.25,0.97,0.08,0.15,2.34,0.07,105.97,12.36,0.15,0.5
Soup Company,7.1,0.4,0.32,0.71,0.08,0.08,1.6,0.06,77.8,0.0,0.0,2.0
Sour Cream,13.03,0.45,0.82,0.99,0.0,0.03,13.57,0.0,9.4,18.4,0.06,2.63
Sour Crm,20.8,0.24,1.95,0.66,0.0,0.66,0.3,0.04,10.2,16.1,0.0,0.0
Sour Drsng,17.8,0.32,1.66,0.47,0.0,0.47,11.3,0.0,4.8,16.2,0.09,0.5
Sourdock,4.2,0.23,0.07,0.65,0.0,0.0,0.2,0.08,0.0,0.0,6.8,0.0
Soursop,6.6,0.1,0.03,1.68,0.33,1.35,1.4,0.06,1.4,27.8,2.06,0.0
Soy Flour,38.03,4.24,1.03,3.62,1.44,1.23,24.4,0.79,1.4,232.97,0.0,0.0
Soy Flr,41.1,4.23,1.6,3.2,0.91,0.84,21.1,0.64,1.28,225.14,0.0,0.0
Soy Meal,33.8,4.71,0.24,3.8,0.0,0.0,24.4,1.37,0.3,249.0,0.0,0.0
Soy Prot Conc,33.0,6.0,0.05,2.91,0.55,1.33,36.3,1.08,60.1,103.4,0.0,0.0
Soy Prot Isolate,35.38,8.57,0.23,0.32,0.19,0.0,18.9,1.58,33.2,122.0,0.0,0.0
Soy Sau Made From Soy&Wheat (Shoyu),5.3,0.52,0.01,0.85,0.08,0.17,1.7,0.2,333.3,18.0,0.0,0.0
Soybean,15.1,1.25,0.81,0.69,0.0,0.16,18.8,0.56,2.0,19.9,0.0,0.0
Soybeans,22.49,1.95,1.14,1.6,0.58,0.13,12.38,0.37,8.73,79.69,0.98,0.0
Soymilk,4.77,0.25,0.12,0.67,0.05,0.48,9.54,0.05,5.16,12.91,0.05,0.0
Soymilk (All Flavors),3.65,0.25,0.11,0.42,0.05,0.25,11.55,0.04,4.53,10.75,0.18,0.0
Spaghetti,22.53,0.95,0.14,4.35,0.22,0.09,2.1,0.18,6.96,12.85,0.0,0.06
Spaghetti W/ Meat Sau,9.0,0.5,0.1,1.52,0.18,0.26,1.8,0.12,16.7,14.4,0.54,0.6
Spaghettios,9.2,0.36,0.28,1.31,0.08,0.48,6.0,0.11,39.3,0.0,0.24,0.8
Spearmint,16.45,1.16,0.34,3.02,1.83,0.0,84.35,4.97,18.7,119.1,0.66,0.0
Spelt,23.25,1.0,0.16,4.83,0.73,0.34,1.85,0.31,0.65,26.55,0.0,0.0
Spices,29.2,1.26,0.73,6.38,3.03,0.13,132.25,4.98,3.45,176.4,4.64,0.0
Spinach,2.52,0.31,0.05,0.38,0.26,0.04,12.21,0.23,15.21,36.07,1.1,0.0
Spiny Lobster,12.75,2.35,0.17,0.28,0.0,0.0,5.6,0.13,20.2,19.4,0.2,8.0
Split Pea Soup,7.1,0.38,0.09,1.18,0.19,0.51,1.7,0.08,16.6,18.3,0.0,0.2
Split Pea W/ Ham Soup,6.8,0.4,0.07,1.14,0.19,0.16,1.6,0.07,19.6,20.4,0.1,0.3
Sports Drk,2.3,0.0,0.0,0.58,0.0,0.38,0.07,0.01,3.2,1.43,0.22,0.0
Spot,14.05,2.11,0.56,0.0,0.0,0.0,1.6,0.04,3.3,56.6,0.0,6.85
Squab,19.0,1.92,1.19,0.0,0.0,0.0,1.17,0.35,5.33,23.2,0.58,9.17
Squash,2.91,0.11,0.02,0.68,0.14,0.14,2.13,0.05,8.1,23.92,0.85,0.0
Squid,13.35,1.68,0.44,0.54,0.0,0.0,3.55,0.08,17.5,26.25,0.44,24.65
Squirrel,11.1,1.93,0.38,0.0,0.0,0.0,0.0,0.47,0.0,0.0,0.0,0.0
Stagg Classic Chili W/Bns,13.1,0.7,0.66,1.18,0.3,0.29,3.7,0.16,33.4,31.8,0.1,1.7
Stagg Country Chili W/Bns,12.9,0.63,0.64,1.17,0.24,0.24,2.3,0.14,45.8,22.6,0.07,1.6
Stagg Dynamite Chili W/Bns,13.5,0.74,0.62,1.24,0.33,0.27,4.2,0.18,34.9,31.5,0.12,1.8
Stagg Ranchhouse Chili W/Bns,11.5,0.78,0.36,1.28,0.35,0.23,4.6,0.17,32.9,35.1,0.21,1.9
Stagg Silverado Chili W/Bns,9.2,0.73,0.11,1.34,0.33,0.29,3.6,0.15,35.0,33.0,0.21,1.6
Steelhead Trout,27.05,4.92,0.82,0.0,0.0,0.0,5.75,0.18,148.4,104.25,0.0,14.3
Stew,9.08,0.79,0.29,0.83,0.13,0.03,1.88,0.13,9.32,13.52,0.02,1.68
Stew/Soup,4.1,0.38,0.07,0.48,0.01,0.0,0.7,0.02,7.2,8.4,0.15,0.0
Stouffer'S Chick Pie,25.9,0.72,1.55,2.26,0.14,0.37,5.1,0.1,41.6,16.4,0.03,2.2
Stouffer'S Crmd Chipped Bf,11.0,0.75,0.57,0.71,0.04,0.34,8.1,0.07,47.1,18.4,0.0,2.5
Stouffer'S Homestyle Salisbury Steak In Gravy & Mac& Chs,10.2,0.64,0.52,0.75,0.15,0.2,1.7,0.07,16.3,19.0,0.17,1.4
Stouffer'S Lasagna W/ Meat & Sau,11.6,0.8,0.38,1.26,0.11,0.22,6.9,0.06,31.2,15.8,0.06,1.3
Stouffer'S Ln Cuisine Chick & Veg W/ Vermicelli,7.8,0.67,0.17,0.89,0.13,0.15,5.5,0.05,21.3,23.3,0.09,1.0
Stouffer'S Ln Cuisine Hs Bf Pot Rst W/ Whipped Potatoes,7.2,0.5,0.21,0.83,0.12,0.14,2.8,0.06,30.1,35.1,0.13,0.8
Stouffer'S Ln Cuisine Hs Stuff Cab W/ Meat Sau&Whped Pot,7.3,0.4,0.23,0.91,0.15,0.22,3.3,0.06,26.4,27.2,0.02,0.5
Stouffer'S Ln Cuisine Macaroni & Bf In Tomato Sau,9.1,0.61,0.15,1.32,0.17,0.39,3.0,0.06,20.1,27.3,0.08,0.6
Stouffer'S Ln Cuisine Oriental Bf W/ Veg & Rice,7.4,0.5,0.11,1.1,0.16,0.31,1.2,0.05,21.0,28.4,0.2,0.9
Stouffer'S Ln Cuisine Spaghetti W/ Meat Sau,8.7,0.43,0.11,1.49,0.14,0.26,3.1,0.07,16.8,17.6,0.09,0.4
Stouffer'S Ln Cuisine Spaghetti W/ Meatballs & Sau,9.3,0.67,0.19,1.23,0.15,0.24,3.7,0.08,21.1,19.0,0.11,0.9
Stouffer'S Ln Cuisine Swedish Meatballs W/ Paste,10.6,0.86,0.26,1.21,0.1,0.18,4.4,0.1,23.8,21.7,0.0,1.9
Stouffer'S Stuffed Peppers W/ Bf In Tomato Sau,7.3,0.37,0.26,0.87,0.12,0.27,1.7,0.07,28.4,15.8,1.17,0.8
Strawberries,6.66,0.05,0.02,1.75,0.19,1.48,1.34,0.05,0.22,11.66,4.25,0.0
Strawberry-Flavor Bev Mix,23.85,0.16,0.16,5.57,0.0,4.77,5.7,0.03,4.3,7.25,0.06,0.6
Strudel,27.4,0.33,1.12,4.11,0.22,2.58,1.5,0.04,26.9,14.9,0.17,0.6
Sturgeon,13.77,2.27,0.45,0.0,0.0,0.0,1.57,0.08,28.73,34.23,0.0,7.23
Succotash,9.3,0.42,0.08,2.0,0.33,0.06,1.5,0.11,13.89,29.5,0.78,0.0
Sucker,10.55,1.91,0.26,0.0,0.0,0.0,8.0,0.15,4.55,43.35,0.0,4.7
Sugar-Apples,9.4,0.21,0.03,2.36,0.44,0.0,2.4,0.06,0.9,24.7,3.63,0.0
Sugars,37.75,0.01,0.01,9.71,0.0,9.49,4.38,0.06,1.0,10.28,0.0,0.0
Sunfish,10.15,2.21,0.08,0.0,0.0,0.0,9.15,0.14,9.15,39.95,0.1,7.65
Sunflower Sd Butter,57.9,1.97,4.77,2.74,0.0,0.0,12.2,0.48,26.15,7.2,0.27,0.0
Sunflower Sd Flr,32.6,4.81,0.16,3.58,0.52,0.0,11.4,0.66,0.3,6.7,0.13,0.0
Sunflower Sd Krnls,59.57,1.91,5.25,2.22,1.04,0.2,7.23,0.5,20.73,61.33,0.13,0.0
Supper Bakes Meal Kits,14.7,0.48,0.32,2.48,0.08,0.24,0.0,0.0,52.0,0.0,0.0,0.8
Swamp Cabbage,1.97,0.23,0.02,0.35,0.2,0.0,6.17,0.14,19.77,29.33,2.9,0.0
Sweet Potato,9.65,0.15,0.04,2.19,0.25,0.57,2.96,0.08,7.31,30.36,1.1,0.07
Sweet Potato Leaves,3.43,0.29,0.03,0.7,0.19,0.36,2.83,0.07,9.03,49.07,0.47,0.0
Sweet Rolls,35.67,0.59,1.5,5.06,0.09,0.79,6.38,0.19,58.42,9.22,0.06,3.55
Sweeteners,34.06,0.06,0.0,8.89,0.0,8.3,0.02,0.01,8.84,0.24,0.0,0.0
Sweetpotato,9.1,0.16,0.02,2.11,0.18,0.5,2.2,0.09,5.3,31.2,2.64,0.0
Swordfish,13.8,2.26,0.46,0.0,0.0,0.0,0.5,0.09,10.25,32.85,0.11,4.45
Syrups,25.54,0.08,0.07,6.65,0.03,3.29,2.56,0.05,8.35,13.14,0.0,0.03
Taco Bell,21.99,0.94,1.06,2.17,0.29,0.0,9.81,0.19,52.99,22.51,0.0,2.15
Taco Shells,46.75,0.71,2.17,6.26,0.6,0.06,13.05,0.22,20.2,20.1,0.0,0.0
Tamarind Nectar,5.7,0.01,0.01,1.47,0.05,1.27,1.0,0.08,0.7,2.7,0.71,0.0
Tamarinds,23.9,0.28,0.06,6.25,0.51,5.74,7.4,0.28,2.8,62.8,0.35,0.0
Tangerine Juc,8.57,0.08,0.02,2.06,0.03,0.39,1.77,0.02,0.17,22.93,4.38,0.0
Tangerine Juice,4.3,0.05,0.02,1.01,0.02,0.99,1.8,0.02,0.1,17.8,3.1,0.0
Tangerines,4.72,0.07,0.01,1.21,0.11,1.08,1.68,0.03,0.45,12.82,2.86,0.0
Tapioca,35.8,0.02,0.0,8.87,0.09,0.33,2.0,0.16,0.1,1.1,0.0,0.0
Taro,7.08,0.21,0.04,1.54,0.2,0.02,7.58,0.1,14.34,52.69,3.01,0.0
Taro Leaves,3.3,0.39,0.06,0.54,0.29,0.15,9.65,0.17,0.25,55.4,4.38,0.0
Taro Shoots,1.25,0.08,0.01,0.28,0.0,0.0,1.3,0.05,0.15,33.8,2.0,0.0
Tea,14.18,0.26,0.02,3.33,0.11,1.17,1.6,0.11,5.9,102.17,0.48,0.0
Teff,23.4,0.86,0.15,4.65,0.4,0.09,9.0,0.38,0.6,21.35,0.0,0.0
Tempeh,19.6,1.82,1.14,0.94,0.0,0.0,9.6,0.21,1.4,40.1,0.0,0.0
Tennis Bread,25.8,0.9,0.11,5.33,0.26,0.3,6.7,0.34,81.0,10.0,0.0,0.0
The Budget Gourmet,14.3,0.43,1.07,0.74,0.15,0.0,15.7,0.13,42.2,0.0,1.75,2.7
Thuringer,36.2,1.74,3.04,0.33,0.0,0.09,0.9,0.2,130.0,26.0,1.66,7.4
Thyme,10.1,0.56,0.17,2.44,1.4,0.0,40.5,1.74,0.9,60.9,16.01,0.0
Tilefish,12.15,2.1,0.35,0.0,0.0,0.0,2.6,0.03,5.6,47.25,0.0,5.7
Tky,12.8,0.7,0.39,1.63,0.13,0.48,2.7,0.08,42.0,23.0,0.08,1.4
Toaster Pastries,39.85,0.47,1.12,7.06,0.11,3.18,2.42,0.36,37.83,10.21,0.0,0.0
Tofu,18.4,1.62,1.2,0.67,0.16,0.03,54.24,0.38,45.0,12.3,0.03,0.0
Tomatillos,3.2,0.1,0.1,0.58,0.19,0.39,0.7,0.06,0.1,26.8,1.17,0.0
Tomato Juc,1.7,0.08,0.0,0.42,0.04,0.36,1.0,0.04,13.95,22.9,1.83,0.0
Tomato Products,4.6,0.2,0.05,1.03,0.21,0.47,2.07,0.16,40.16,50.24,1.37,0.03
Tomato Sau,4.2,0.13,0.02,0.87,0.15,0.52,1.4,0.08,1.1,37.1,1.31,0.0
Tomato&Veg Juc,2.2,0.06,0.01,0.46,0.08,0.38,1.1,0.04,7.0,19.3,2.77,0.0
Tomatoes,5.46,0.23,0.15,1.0,0.21,0.41,2.81,0.15,29.03,54.06,2.2,0.0
Toppings,30.58,0.14,0.45,6.71,0.09,2.64,2.06,0.04,10.68,6.68,0.35,0.02
Tortellini,30.7,1.35,0.72,4.7,0.19,0.09,15.2,0.15,34.4,8.9,0.0,4.2
Tortilla,23.7,0.73,0.1,4.99,0.24,0.28,7.0,0.38,48.2,10.5,0.0,0.0
Tortilla Chips,45.0,0.94,1.47,7.22,0.53,0.06,16.18,0.19,41.05,24.4,0.03,0.12
Tortillas,26.92,0.71,0.5,4.95,0.45,0.07,10.6,0.23,29.25,15.65,0.0,0.0
Trail Mix,45.98,1.25,2.79,4.9,0.0,0.0,8.62,0.31,7.94,67.5,0.26,0.16
Tree Fern,4.0,0.03,0.01,1.09,0.37,0.0,0.8,0.02,12.3,0.5,3.0,0.0
Triticale Flr,33.8,1.32,0.18,7.31,1.46,0.0,3.5,0.26,0.2,46.6,0.0,0.0
Trout,15.23,2.27,0.62,0.0,0.0,0.0,6.73,0.08,4.72,44.08,0.19,6.45
Tuna,14.76,2.62,0.4,0.0,0.0,0.0,1.46,0.11,13.73,32.46,0.03,3.85
Turbot,10.85,1.83,0.34,0.0,0.0,0.0,2.05,0.04,17.1,27.15,0.17,5.5
Turkey,18.25,2.36,0.9,0.02,0.0,0.0,2.06,0.2,12.71,25.58,0.07,9.22
Turkey And Gravy,6.7,0.59,0.26,0.46,0.0,0.0,1.4,0.09,55.4,6.1,0.0,1.8
Turkey Bacon,38.2,2.96,2.79,0.31,0.0,0.0,0.9,0.21,228.5,39.5,0.0,9.8
Turkey Breast,12.6,2.22,0.35,0.0,0.0,0.0,0.9,0.07,39.7,24.8,0.0,4.2
Turkey Ham,12.5,1.86,0.43,0.25,0.01,0.07,0.65,0.18,107.6,29.3,0.44,6.95
Turkey Patties,28.3,1.4,1.8,1.57,0.05,0.03,1.4,0.22,80.0,27.5,0.0,7.5
Turkey Pot Pie,17.6,0.65,0.88,1.77,0.11,0.0,0.0,0.1,35.0,0.0,0.0,1.6
Turkey Roll,12.35,1.65,0.43,0.36,0.0,0.0,1.95,0.09,81.4,34.85,0.0,4.45
Turkey Rst,13.75,1.95,0.4,0.47,0.0,0.0,0.3,0.19,67.9,32.9,0.0,5.3
Turkey Sausage,18.37,1.99,0.96,0.37,0.01,0.0,2.4,0.15,62.5,25.57,0.1,7.5
Turkey Stks,27.9,1.42,1.69,1.7,0.0,0.0,1.4,0.22,83.8,26.0,0.0,6.4
Turkey Thigh,15.7,1.88,0.85,0.0,0.0,0.0,0.8,0.15,43.7,24.1,0.0,6.2
Turkey&Pork Sausage,30.7,2.27,2.3,0.07,0.0,0.0,3.2,0.16,87.8,33.7,0.11,8.4
Turmeric,35.4,0.78,0.99,6.49,2.11,0.32,18.3,4.14,3.8,252.5,2.59,0.0
Turnip Greens,3.2,0.15,0.03,0.71,0.32,0.08,19.0,0.11,4.0,29.6,6.0,0.0
Turnip Grns,2.19,0.2,0.03,0.39,0.28,0.04,13.31,0.14,12.54,18.86,2.23,0.0
Turnip Grns&Turnips,3.0,0.28,0.03,0.43,0.29,0.07,12.33,0.17,9.73,17.13,2.07,0.0
Turnips,2.2,0.11,0.02,0.46,0.19,0.23,2.87,0.06,11.7,16.73,0.94,0.0
Turtle,8.9,1.98,0.05,0.0,0.0,0.0,11.8,0.14,6.8,23.0,0.0,5.0
Tyson Chick Fajita Kit,12.0,0.64,0.33,1.62,0.17,0.2,2.0,0.11,34.4,0.0,1.87,1.1
USDA Cmdty,21.98,1.48,1.11,1.61,0.16,0.24,4.62,0.17,53.46,22.51,0.04,4.36
USDA Cmdty Chick,16.2,2.75,0.57,0.0,0.0,0.0,1.2,0.12,27.1,18.9,0.0,8.3
USDA Cmdty Fd,88.4,0.0,10.0,0.0,0.0,0.0,0.0,0.0,0.0,0.0,0.0,0.0
USDA Cmdty Peaches,6.1,0.06,0.02,1.56,0.07,1.06,0.3,0.02,0.7,8.7,0.25,0.0
USDA Cmdty Pears,5.65,0.03,0.02,1.46,0.19,0.97,0.7,0.03,0.45,8.0,0.06,0.0
USDA Commodity,19.4,1.55,1.23,0.45,0.03,0.04,5.94,0.16,36.85,26.1,0.36,5.36
Vanilla Extract,14.65,0.0,0.0,0.84,0.0,0.72,0.15,0.01,0.35,4.9,0.0,0.0
Veal,18.79,2.43,0.92,0.04,0.0,0.0,1.7,0.16,9.4,31.3,0.41,21.99
Vegetable Juc Cocktail,1.9,0.06,0.01,0.45,0.08,0.33,1.1,0.04,27.0,19.3,2.77,0.0
Vegetable Oil,85.65,0.0,10.0,0.0,0.0,0.0,0.0,0.0,0.0,0.0,0.0,0.0
Vegetable Oil-Butter Sprd,42.57,0.07,4.77,0.07,0.0,0.0,1.93,0.01,65.8,2.63,0.01,4.17
Vegetables,5.18,0.24,0.03,1.06,0.38,0.18,2.4,0.08,12.53,18.62,0.49,0.0
Vermicelli,33.1,0.01,0.01,8.23,0.39,1.74,5.5,0.18,0.4,0.3,0.0,0.0
Vinegar,3.65,0.01,0.0,0.46,0.0,0.38,1.15,0.03,0.95,5.65,0.01,0.0
Vinespinach,1.9,0.18,0.03,0.34,0.0,0.0,10.9,0.12,2.4,51.0,10.2,0.0
Vitasoy Usa,6.84,0.68,0.31,0.33,0.08,0.12,12.01,0.11,3.27,5.27,0.0,0.0
Waffle,29.87,0.7,0.96,4.6,0.25,0.46,20.7,0.63,68.5,13.2,0.0,1.5
Waffles,29.02,0.7,1.07,4.16,0.17,0.36,28.72,0.52,62.5,13.85,0.01,2.82
Walnuts,63.6,1.96,6.21,1.18,0.68,0.19,7.95,0.3,0.2,48.2,0.15,0.0
Walrus,21.42,2.84,1.08,0.09,0.0,0.0,0.45,1.9,0.0,0.0,0.0,2.0
Wasabi,10.9,0.48,0.06,2.35,0.78,0.0,12.8,0.1,1.7,56.8,4.19,0.0
Water,0.01,0.0,0.0,0.0,0.0,0.0,0.37,0.0,0.15,0.03,0.0,0.0
Water W/ Added Vitamins & Minerals,2.2,0.0,0.0,0.55,0.0,0.55,1.7,0.0,0.0,0.0,1.27,0.0
Waterchestnuts,7.35,0.11,0.01,1.81,0.28,0.36,0.75,0.05,1.1,35.1,0.26,0.0
Watercress,1.1,0.23,0.01,0.13,0.05,0.02,12.0,0.02,4.1,33.0,4.3,0.0
Watermelon,3.0,0.06,0.02,0.76,0.04,0.62,0.7,0.02,0.1,11.2,0.81,0.0
Watermelon Sd Krnls,55.7,2.83,4.74,1.53,0.0,0.0,5.4,0.73,9.9,64.8,0.0,0.0
Waxgourd,1.27,0.04,0.02,0.28,0.16,0.08,1.83,0.04,18.7,0.53,1.13,0.0
Weight Watchers Smart Ones,9.5,0.67,0.17,1.33,0.17,0.34,2.4,0.05,25.0,0.0,0.32,1.4
Wendy'S,23.52,1.22,1.12,2.15,0.17,0.0,5.19,0.21,42.69,23.94,0.11,3.24
Whale,39.02,2.33,3.28,0.03,0.0,0.0,0.82,1.26,3.67,13.33,0.0,5.43
Wheat,31.51,1.16,0.18,6.83,0.9,0.03,2.99,0.37,0.4,36.67,0.04,0.0
Wheat Bran,21.6,1.56,0.42,6.45,4.28,0.04,7.3,1.06,0.2,118.2,0.0,0.0
Wheat Flour,33.9,1.37,0.19,7.26,1.22,0.04,3.4,0.39,0.5,40.5,0.0,0.0
Wheat Flours,36.1,1.2,0.17,7.25,0.24,0.03,1.5,0.09,0.2,10.0,0.0,0.0
Wheat Flr,36.54,1.1,0.18,7.43,0.22,0.06,5.56,0.4,9.92,12.38,0.0,0.0
Wheat Germ,36.0,2.32,0.97,5.18,1.32,0.0,3.9,0.63,1.2,89.2,0.0,0.0
Whelk,20.6,3.58,0.06,1.16,0.0,0.0,8.5,0.75,30.9,52.05,0.54,9.75
Whey,18.58,0.66,0.05,3.95,0.0,3.95,75.0,0.06,53.72,116.82,0.06,0.3
Whipped Crm Sub,10.0,0.09,0.6,1.06,0.0,1.06,0.3,0.0,10.6,2.6,0.0,0.0
Whipped Topping,22.4,0.3,1.31,2.36,0.0,2.36,7.1,0.01,7.2,10.1,0.0,0.2
Whiskey Sour Mix,18.47,0.03,0.01,4.67,0.0,3.96,9.2,0.02,13.63,1.8,0.27,0.0
Whitefish,13.8,2.23,0.48,0.0,0.0,0.0,2.57,0.04,37.83,38.2,0.0,5.67
Whiting,10.3,2.09,0.15,0.0,0.0,0.0,5.5,0.04,10.2,34.15,0.0,7.55
Wild Rice,22.9,0.94,0.07,4.81,0.4,0.16,1.2,0.13,0.5,26.4,0.0,0.0
Willow,35.7,0.43,3.13,1.44,0.0,0.0,6.5,0.2,0.0,0.0,9.5,0.0
Wine,0.6,0.05,0.0,0.11,0.0,0.11,0.9,0.04,0.7,8.8,0.0,0.0
Winged Bean,3.7,0.53,0.07,0.32,0.0,0.0,6.1,0.11,24.0,27.4,0.98,0.0
Winged Bean Leaves,7.4,0.58,0.11,1.41,0.0,0.0,22.4,0.4,0.9,17.6,4.5,0.0
Winged Bean Tuber,14.8,1.16,0.09,2.81,0.0,0.0,3.0,0.2,3.5,58.6,0.0,0.0
Winged Bns,16.08,1.31,0.59,1.6,0.0,0.0,18.18,0.51,7.38,43.85,0.7,0.0
Wolffish,10.95,2.0,0.27,0.0,0.0,0.0,0.7,0.01,9.7,34.25,0.0,5.25
Worthington Chic-Ketts,20.4,2.59,0.92,0.46,0.37,0.08,2.1,0.34,73.7,7.9,0.0,0.0
Worthington Chili,12.3,1.04,0.42,1.09,0.34,0.13,1.8,0.32,45.3,16.2,0.0,0.0
Worthington Choplets,10.3,1.94,0.1,0.41,0.28,0.04,0.8,0.15,45.6,3.9,0.0,0.0
Worthington Diced Chik,8.0,1.47,0.06,0.37,0.14,0.01,5.5,0.19,34.4,21.6,0.0,0.1
Worthington Dinner Rst,21.3,1.6,1.35,0.69,0.3,0.1,4.6,0.45,67.1,15.0,0.0,0.1
Worthington Frichik,16.0,1.34,1.03,0.34,0.15,0.01,3.4,0.26,40.1,15.4,0.0,0.1
Worthington Fripats,20.9,2.37,0.91,0.8,0.28,0.14,9.7,0.57,51.7,18.5,0.0,0.2
Worthington Lofat Fri Chik,10.2,1.43,0.27,0.49,0.1,0.0,3.5,0.32,41.6,16.9,0.0,0.1
Worthington Lofat Veja-Links,12.3,1.58,0.48,0.43,0.12,0.07,2.1,0.57,61.2,7.1,0.0,0.2
Worthington Meatless Chick,15.3,1.61,0.8,0.43,0.24,0.08,27.2,0.38,45.2,41.2,0.0,0.1
Worthington Meatless Corned Bf,24.4,1.86,1.45,0.99,0.47,0.21,2.4,0.47,75.8,21.6,0.0,0.1
Worthington Multigrain Cutlets,10.8,1.81,0.13,0.6,0.31,0.06,1.0,0.15,31.3,3.2,0.0,0.0
Worthington Prime Stakes,13.5,1.02,0.72,0.75,0.14,0.03,1.5,0.34,48.0,10.1,0.0,0.1
Worthington Prosage Links,14.3,2.02,0.47,0.5,0.28,0.08,2.6,0.61,81.9,11.4,0.0,0.2
Worthington Prosage Roll,26.1,1.96,1.76,0.6,0.35,0.02,2.8,0.36,66.7,13.9,0.0,0.2
Worthington Saucettes,21.9,1.5,1.52,0.56,0.28,0.02,4.0,0.51,53.2,6.9,0.0,0.2
Worthington Smoked Turkey,25.1,1.85,1.61,0.79,0.11,0.24,14.7,0.54,85.9,9.8,0.0,0.0
Worthington Stakelets,21.1,1.97,1.04,0.96,0.28,0.12,7.3,0.35,65.1,19.1,0.0,0.1
Worthington Stripples,34.6,1.24,2.66,1.43,0.51,0.08,4.2,0.36,146.3,9.7,0.0,0.2
Worthington Super Links,21.9,1.45,1.54,0.55,0.18,0.06,3.4,0.43,70.8,7.7,0.0,0.1
Worthington Turkee Slices,20.2,1.45,1.36,0.56,0.0,0.13,15.0,0.41,56.5,5.9,0.0,0.1
Worthington Veg Skallops,10.9,1.99,0.12,0.46,0.34,0.03,0.7,0.14,46.0,1.7,0.0,0.0
Worthington Veg Steaks,11.3,2.07,0.12,0.5,0.22,0.05,0.6,0.58,41.7,3.2,0.0,0.0
Worthington Vegetarian Burger,12.6,1.86,0.29,0.62,0.27,0.06,0.8,0.39,45.1,4.4,0.0,0.0
Worthington Veja-Links,15.5,1.46,0.89,0.41,0.33,0.05,2.4,0.34,53.0,5.6,0.0,0.3
Worthington Wham,19.6,1.78,1.13,0.57,0.0,0.32,4.6,0.49,71.7,19.4,0.0,0.0
Yachtwurst,26.8,1.48,2.26,0.14,0.0,0.0,1.9,0.1,93.6,0.0,0.0,6.4
Yam,11.6,0.15,0.02,2.74,0.4,0.05,1.5,0.05,8.7,71.87,1.38,0.0
Yambean (Jicama),3.73,0.07,0.01,0.86,0.16,0.06,1.13,0.06,8.33,14.0,1.61,0.0
Yardlong Bean,4.7,0.26,0.02,0.89,0.0,0.0,4.6,0.08,8.27,27.33,1.71,0.0
Yardlong Bns,19.43,1.36,0.07,3.47,0.62,0.0,7.4,0.46,8.77,59.57,0.08,0.0
Yautia (Tannier),9.8,0.15,0.04,2.36,0.15,0.0,0.9,0.1,2.1,59.8,0.52,0.0
Yellowtail,16.65,2.64,0.6,0.0,0.0,0.0,2.6,0.06,4.45,47.9,0.28,6.3
Yogurt,8.42,0.45,0.11,1.44,0.01,1.05,15.16,0.01,6.77,21.41,0.07,0.47
